day,S_mean,S_std,S_p2.5,S_p25,S_p50,S_p75,S_p97.5,E_mean,E_std,E_p2.5,E_p25,E_p50,E_p75,E_p97.5,I_mean,I_std,I_p2.5,I_p25,I_p50,I_p75,I_p97.5,R_mean,R_std,R_p2.5,R_p25,R_p50,R_p75,R_p97.5,prevalence_mean,prevalence_std,prevalence_p2.5,prevalence_p25,prevalence_p50,prevalence_p75,prevalence_p97.5,n_reps
0,9980.705,3.7773,9971.0,9979.0,9981.0,9984.0,9985.0,12.26,3.8785,7.0,9.0,12.0,14.0,23.0,7.005,1.1811,5.0,6.0,7.0,8.0,9.0,0.03,0.1706,0.0,0.0,0.0,0.0,1.0,0.0007,0.0001,0.0005,0.0006,0.0007,0.0008,0.0009,200
1,9976.83,5.7229,9962.975,9973.0,9978.0,9981.0,9985.0,15.545,5.6734,7.0,11.0,15.0,19.0,30.0,7.435,1.4511,5.0,6.0,7.0,8.25,10.0,0.19,0.417,0.0,0.0,0.0,0.0,1.0,0.0007,0.0001,0.0005,0.0006,0.0007,0.0008,0.001,200
2,9974.095,6.9954,9956.975,9970.0,9975.0,9979.0,9984.0,17.545,6.8941,7.0,13.0,17.0,22.0,35.025,7.805,1.6544,4.975,7.0,8.0,9.0,11.0,0.555,0.7259,0.0,0.0,0.0,1.0,2.0,0.0008,0.0002,0.0005,0.0007,0.0008,0.0009,0.0011,200
3,9971.615,8.0266,9955.0,9966.0,9973.0,9978.0,9984.0,19.19,7.6925,8.0,13.0,18.0,24.0,35.075,8.04,1.7716,5.0,7.0,8.0,9.0,11.025,1.155,1.0005,0.0,0.0,1.0,2.0,3.0,0.0008,0.0002,0.0005,0.0007,0.0008,0.0009,0.0011,200
4,9969.55,8.5392,9950.95,9964.0,9970.0,9976.0,9983.0,20.055,7.9864,8.0,14.0,19.0,25.0,38.0,8.26,2.0862,5.0,7.0,8.0,10.0,13.0,2.135,1.1861,0.0,1.0,2.0,3.0,4.025,0.0008,0.0002,0.0005,0.0007,0.0008,0.001,0.0013,200
5,9967.64,9.1978,9947.975,9961.0,9968.0,9975.0,9982.025,20.49,8.2958,8.0,14.0,19.0,27.0,37.025,8.725,2.2977,5.0,7.0,8.0,10.0,14.0,3.145,1.3281,1.0,2.0,3.0,4.0,6.0,0.0009,0.0002,0.0005,0.0007,0.0008,0.001,0.0014,200
6,9965.685,9.7399,9945.975,9959.0,9966.0,9974.0,9981.025,20.87,8.2561,8.0,14.0,20.0,27.0,36.025,9.075,2.6999,4.975,7.0,9.0,11.0,15.025,4.37,1.4294,2.0,3.0,5.0,5.0,7.0,0.0009,0.0003,0.0005,0.0007,0.0009,0.0011,0.0015,200
7,9963.67,10.4279,9942.0,9957.0,9964.0,9972.0,9980.025,21.115,8.5412,7.0,14.75,21.0,27.0,39.0,9.805,3.1156,5.0,8.0,9.5,11.25,17.0,5.41,1.4429,3.0,4.0,5.0,6.0,8.0,0.001,0.0003,0.0005,0.0008,0.001,0.0011,0.0017,200
8,9961.76,10.8854,9939.95,9955.0,9962.0,9970.0,9980.0,21.19,8.5973,7.975,15.0,20.0,26.0,40.025,10.545,3.674,4.975,8.0,10.0,13.0,20.0,6.505,1.6492,3.975,5.0,6.0,8.0,10.0,0.0011,0.0004,0.0005,0.0008,0.001,0.0013,0.002,200
9,9959.285,11.5946,9933.0,9952.0,9960.5,9968.0,9979.025,21.62,8.6825,7.0,16.0,21.0,27.0,40.0,11.3,3.9051,5.975,8.0,11.0,14.0,21.0,7.795,1.8229,4.975,7.0,8.0,9.0,12.0,0.0011,0.0004,0.0006,0.0008,0.0011,0.0014,0.0021,200
10,9957.245,12.2758,9931.0,9950.0,9959.0,9966.0,9977.05,21.57,8.6744,7.0,15.75,21.0,26.0,42.0,12.175,4.3225,5.0,9.0,12.0,15.0,22.025,9.01,1.8788,5.0,8.0,9.0,10.0,13.0,0.0012,0.0004,0.0005,0.0009,0.0012,0.0015,0.0022,200
11,9955.39,12.7663,9927.975,9948.75,9957.0,9965.0,9976.025,21.42,8.4204,7.975,15.75,20.0,27.0,40.025,12.87,4.7459,5.0,9.75,12.5,15.0,24.0,10.32,2.2534,6.0,9.0,10.0,12.0,15.0,0.0013,0.0005,0.0005,0.001,0.0012,0.0015,0.0024,200
12,9953.465,13.6506,9924.925,9946.5,9955.0,9964.0,9975.0,20.83,8.7836,7.0,14.75,19.0,27.0,39.025,13.75,5.2122,5.95,10.0,13.5,17.0,25.025,11.955,2.6025,8.0,10.0,12.0,13.0,18.0,0.0014,0.0005,0.0006,0.001,0.0014,0.0017,0.0025,200
13,9951.425,14.5184,9921.925,9943.75,9953.0,9961.0,9974.025,20.615,8.9653,7.0,14.0,19.0,26.0,39.025,14.32,5.6132,5.95,10.0,13.0,18.0,26.05,13.64,3.121,8.975,12.0,13.0,15.0,21.0,0.0014,0.0006,0.0006,0.001,0.0013,0.0018,0.0026,200
14,9949.61,15.166,9917.95,9941.0,9951.5,9960.25,9974.0,20.185,8.9393,7.0,13.0,19.0,26.0,38.075,14.97,5.8617,5.0,10.75,14.0,19.0,27.025,15.235,3.4029,10.0,13.0,15.0,17.0,23.025,0.0015,0.0006,0.0005,0.0011,0.0014,0.0019,0.0027,200
15,9947.83,15.9161,9915.95,9939.75,9950.0,9959.0,9974.0,20.06,8.9088,6.0,13.0,19.0,25.0,40.025,15.175,5.9443,5.975,11.0,14.5,19.0,28.025,16.935,3.975,11.0,14.0,16.0,19.25,27.0,0.0015,0.0006,0.0006,0.0011,0.0014,0.0019,0.0028,200
16,9946.205,16.6172,9911.0,9937.75,9948.0,9957.0,9972.05,19.57,8.9295,5.975,13.0,18.0,25.0,39.05,15.515,6.1749,6.0,11.0,15.0,19.0,29.0,18.71,4.5073,12.0,16.0,18.0,22.0,30.0,0.0016,0.0006,0.0006,0.0011,0.0015,0.0019,0.0029,200
17,9944.335,17.1086,9908.925,9935.75,9946.5,9955.25,9971.025,19.205,8.8314,5.975,13.0,18.0,25.0,38.025,15.59,6.2827,6.0,11.0,15.0,19.25,28.025,20.87,5.1384,13.0,17.0,20.0,24.0,33.0,0.0016,0.0006,0.0006,0.0011,0.0015,0.0019,0.0028,200
18,9942.645,18.0502,9901.875,9934.25,9945.0,9955.0,9970.0,18.97,9.2368,4.975,12.0,17.0,23.0,38.05,15.64,6.3522,5.975,11.0,15.0,20.0,28.0,22.745,5.8009,14.0,18.75,22.0,26.0,37.0,0.0016,0.0006,0.0006,0.0011,0.0015,0.002,0.0028,200
19,9941.025,18.746,9897.875,9930.0,9944.0,9953.25,9970.0,18.365,9.0323,5.975,12.0,16.0,23.0,37.05,15.845,6.7224,5.0,11.0,15.0,21.0,30.025,24.765,6.3087,15.0,20.0,24.0,29.0,39.025,0.0016,0.0007,0.0005,0.0011,0.0015,0.0021,0.003,200
20,9939.395,19.4183,9892.975,9928.75,9942.0,9952.25,9970.0,18.105,9.155,4.975,11.0,16.0,23.0,37.025,15.56,6.5868,6.0,11.0,14.5,19.0,31.0,26.94,7.0318,15.975,21.0,26.0,32.0,41.025,0.0016,0.0007,0.0006,0.0011,0.0014,0.0019,0.0031,200
21,9937.74,20.1659,9889.975,9926.0,9940.0,9952.0,9969.025,17.875,9.1296,5.975,11.0,16.0,22.0,37.0,15.36,6.6701,5.975,10.0,14.0,20.0,31.0,29.025,7.6364,16.975,23.0,28.0,34.0,44.025,0.0015,0.0007,0.0006,0.001,0.0014,0.002,0.0031,200
22,9936.395,20.7841,9888.95,9924.0,9940.0,9951.0,9968.025,17.28,8.8494,4.0,11.0,15.0,22.25,36.025,15.205,6.9472,4.975,10.0,14.0,19.0,31.025,31.12,8.3142,17.975,25.0,30.0,36.0,49.025,0.0015,0.0007,0.0005,0.001,0.0014,0.0019,0.0031,200
23,9934.825,21.4675,9885.85,9922.0,9937.5,9950.25,9967.025,16.86,8.808,3.0,11.0,15.0,23.0,36.025,15.135,7.1244,4.0,10.0,14.0,19.0,31.0,33.18,8.9217,18.95,27.0,32.0,38.0,52.025,0.0015,0.0007,0.0004,0.001,0.0014,0.0019,0.0031,200
24,9933.23,22.16,9880.95,9920.75,9936.5,9949.0,9967.0,16.715,8.9478,3.0,10.0,15.0,22.0,37.05,14.775,6.9235,3.975,10.0,14.0,19.0,30.025,35.28,9.7407,19.0,28.0,34.0,41.25,55.025,0.0015,0.0007,0.0004,0.001,0.0014,0.0019,0.003,200
25,9931.705,22.714,9878.95,9917.75,9934.0,9948.0,9966.025,16.385,8.6831,3.0,10.0,15.0,22.0,35.0,14.56,7.0552,3.975,10.0,13.0,19.0,29.025,37.35,10.6352,19.0,29.75,36.0,45.0,60.025,0.0015,0.0007,0.0004,0.001,0.0013,0.0019,0.0029,200
26,9930.215,23.5181,9875.975,9916.0,9933.0,9947.0,9966.0,16.24,8.9024,3.0,9.75,15.0,22.0,36.1,14.21,6.8575,3.0,9.0,13.5,18.0,27.05,39.335,11.4587,20.975,31.0,38.0,46.25,62.025,0.0014,0.0007,0.0003,0.0009,0.0014,0.0018,0.0027,200
27,9928.845,23.97,9869.0,9915.0,9932.0,9946.0,9966.0,15.84,8.7077,3.0,9.0,15.0,21.0,35.125,14.105,7.12,2.975,9.0,13.0,18.0,30.0,41.21,12.0655,21.975,33.0,40.0,48.25,66.025,0.0014,0.0007,0.0003,0.0009,0.0013,0.0018,0.003,200
28,9927.525,24.7152,9866.975,9913.0,9931.0,9945.25,9966.0,15.34,8.8008,2.0,9.0,14.0,21.0,35.075,13.875,7.1021,3.0,9.0,13.0,18.0,30.0,43.26,12.9175,22.975,34.0,41.0,50.25,70.1,0.0014,0.0007,0.0003,0.0009,0.0013,0.0018,0.003,200
29,9926.14,25.5429,9863.975,9912.0,9930.0,9944.0,9965.025,14.99,9.062,2.975,8.0,14.0,20.0,37.025,13.605,6.9533,2.975,9.0,13.0,17.25,30.0,45.265,13.5718,24.0,35.75,43.5,52.25,73.025,0.0014,0.0007,0.0003,0.0009,0.0013,0.0017,0.003,200
30,9924.4874,25.9739,9861.95,9910.5,9928.0,9943.0,9965.0,14.9397,9.2577,2.0,8.0,14.0,20.0,37.15,13.2864,6.9379,2.0,8.0,12.0,17.0,28.05,47.2864,14.0592,25.95,37.0,46.0,53.5,77.0,0.0013,0.0007,0.0002,0.0008,0.0012,0.0017,0.0028,200
31,9923.2663,26.5172,9860.85,9909.5,9927.0,9942.0,9965.0,14.6382,9.2769,2.0,7.5,13.0,20.0,37.15,12.8894,6.7495,2.0,8.0,12.0,17.0,28.05,49.206,14.9563,26.0,38.0,48.0,55.5,83.05,0.0013,0.0007,0.0002,0.0008,0.0012,0.0017,0.0028,200
32,9921.9447,27.1468,9857.9,9907.5,9927.0,9941.0,9964.05,14.3568,9.0957,2.0,8.0,13.0,19.0,33.35,12.6633,6.7177,2.95,8.0,11.0,17.0,27.05,51.0352,15.7501,26.95,40.0,49.0,59.0,83.2,0.0013,0.0007,0.0003,0.0008,0.0011,0.0017,0.0027,200
33,9920.5176,27.9684,9855.9,9904.5,9925.0,9940.5,9964.0,14.2814,9.4269,1.0,7.0,13.0,19.0,35.0,12.206,6.5703,2.0,8.0,11.0,16.0,26.0,52.995,16.4566,27.0,42.0,50.0,62.5,89.15,0.0012,0.0007,0.0002,0.0008,0.0011,0.0016,0.0026,200
34,9919.4171,28.6086,9854.85,9904.0,9924.0,9940.5,9963.05,13.7588,9.324,1.0,7.0,12.0,18.5,33.05,12.0302,6.6807,2.0,7.0,11.0,16.0,25.05,54.794,17.2319,28.0,42.5,53.0,64.5,95.0,0.0012,0.0007,0.0002,0.0007,0.0011,0.0016,0.0025,200
35,9918.402,29.3122,9851.8,9902.5,9923.0,9940.0,9963.05,13.1256,9.2034,1.0,6.0,11.0,18.0,32.1,11.8593,6.6454,2.0,7.0,11.0,16.0,27.0,56.6131,17.9664,28.95,44.0,54.0,67.0,101.0,0.0012,0.0007,0.0002,0.0007,0.0011,0.0016,0.0027,200
36,9917.1457,30.1334,9847.9,9900.0,9922.0,9940.0,9963.05,12.9548,9.4024,1.0,6.0,10.0,18.0,34.05,11.5176,6.8691,2.0,6.0,11.0,15.0,26.2,58.3819,18.5704,29.0,46.5,56.0,68.5,104.15,0.0012,0.0007,0.0002,0.0006,0.0011,0.0015,0.0026,200
37,9915.8945,31.1132,9845.65,9898.0,9921.0,9938.5,9963.05,12.8141,9.7898,1.0,6.0,10.0,18.0,35.0,11.0905,6.7326,2.0,6.0,10.0,15.0,27.05,60.201,19.2878,31.0,48.0,57.0,71.0,107.05,0.0011,0.0007,0.0002,0.0006,0.001,0.0015,0.0027,200
38,9914.7286,31.9802,9842.6,9896.0,9919.0,9938.5,9962.1,12.603,9.9354,1.0,5.0,10.0,18.0,36.1,10.5678,6.4352,2.0,5.0,9.0,14.5,27.0,62.1005,20.2269,31.0,49.0,59.0,73.0,110.2,0.0011,0.0006,0.0002,0.0005,0.0009,0.0014,0.0027,200
39,9913.5327,32.6587,9838.8,9895.5,9918.0,9938.0,9962.1,12.4372,9.8575,1.0,5.0,10.0,17.0,34.15,10.2563,6.5348,1.0,5.0,9.0,14.0,27.05,63.7739,20.911,31.95,50.0,60.0,75.0,113.1,0.001,0.0007,0.0001,0.0005,0.0009,0.0014,0.0027,200
40,9912.3668,33.3141,9833.85,9893.5,9917.0,9937.0,9962.1,12.3869,9.9494,1.0,5.0,10.0,17.0,36.15,9.8844,6.3326,1.0,5.0,9.0,13.5,29.0,65.3618,21.6751,32.0,51.0,62.0,77.5,118.0,0.001,0.0006,0.0001,0.0005,0.0009,0.0014,0.0029,200
41,9911.4171,33.8868,9832.8,9892.0,9916.0,9937.0,9961.15,11.9648,9.7812,0.0,5.0,10.0,17.5,33.45,9.7286,6.4072,1.0,5.0,9.0,13.0,26.05,66.8894,22.3071,32.95,51.5,63.0,79.0,118.1,0.001,0.0006,0.0001,0.0005,0.0009,0.0013,0.0026,200
42,9910.1465,34.4601,9830.55,9891.0,9913.5,9936.0,9961.225,11.8838,9.7344,0.0,5.0,10.0,17.0,33.45,9.4394,6.234,1.0,5.0,9.0,13.0,24.075,68.5303,22.9564,32.925,53.0,65.0,80.75,123.0,0.0009,0.0006,0.0001,0.0005,0.0009,0.0013,0.0024,200
43,9909.2525,34.9299,9830.325,9889.25,9912.0,9936.0,9961.15,11.5657,9.1675,0.0,5.0,9.0,16.75,31.375,8.9596,5.9864,1.0,5.0,8.0,12.0,23.075,70.2222,23.8326,33.0,53.0,67.0,83.0,125.225,0.0009,0.0006,0.0001,0.0005,0.0008,0.0012,0.0023,200
44,9908.4444,35.4708,9830.325,9888.0,9912.0,9936.0,9961.15,11.1364,8.8925,0.0,5.0,9.0,17.0,29.3,8.7778,6.2733,1.0,4.0,8.0,12.0,24.0,71.6414,24.3563,33.925,53.0,68.0,85.0,127.375,0.0009,0.0006,0.0001,0.0004,0.0008,0.0012,0.0024,200
45,9907.601,35.8722,9828.475,9887.0,9911.0,9935.0,9961.15,10.7879,8.5927,0.925,4.0,9.0,16.0,29.0,8.5303,6.5309,0.925,4.0,7.0,12.0,22.225,73.0808,24.9351,33.925,55.0,69.0,86.75,132.075,0.0009,0.0007,0.0001,0.0004,0.0007,0.0012,0.0022,200
46,9906.5381,36.504,9826.4,9885.0,9911.0,9934.0,9961.2,10.5685,8.4506,0.0,4.0,8.0,16.0,31.2,8.3858,6.3847,1.0,4.0,7.0,12.0,21.6,74.5076,25.847,34.0,55.0,72.0,90.0,134.1,0.0008,0.0006,0.0001,0.0004,0.0007,0.0012,0.0022,200
47,9905.5939,37.1214,9820.3,9884.0,9908.0,9933.0,9959.4,10.3147,8.3278,0.0,4.0,9.0,16.0,30.3,8.1777,6.4873,0.9,3.0,6.0,11.0,25.0,75.9137,26.5486,34.0,57.0,72.0,92.0,139.1,0.0008,0.0006,0.0001,0.0003,0.0006,0.0011,0.0025,200
48,9904.4541,37.7356,9813.625,9882.0,9908.0,9933.0,9959.5,10.2092,8.3826,0.0,4.0,8.5,15.0,27.75,8.0255,6.312,0.875,3.0,6.0,11.0,23.0,77.3112,27.3222,35.75,57.0,74.0,93.0,141.125,0.0008,0.0006,0.0001,0.0003,0.0006,0.0011,0.0023,200
49,9903.5459,38.3276,9812.625,9881.0,9907.5,9933.0,9959.5,10.0306,8.2369,0.0,4.0,8.5,15.0,28.25,7.7806,6.359,0.0,3.0,6.0,11.0,23.125,78.6429,27.9861,35.875,58.0,74.5,95.0,143.0,0.0008,0.0006,0.0,0.0003,0.0006,0.0011,0.0023,200
50,9902.4769,38.8559,9811.4,9881.0,9907.0,9932.0,9959.6,9.759,8.1347,0.0,3.0,8.0,14.5,28.45,7.6718,6.0743,0.0,3.0,6.0,11.0,21.15,80.0923,28.9243,36.0,58.0,76.0,97.0,145.0,0.0008,0.0006,0.0,0.0003,0.0006,0.0011,0.0021,200
51,9901.6154,39.4645,9809.55,9880.0,9906.0,9931.5,9959.6,9.6974,8.2664,0.0,3.0,8.0,13.0,30.75,7.2154,5.7659,0.0,3.0,6.0,10.0,22.15,81.4718,29.7498,36.0,59.0,78.0,98.0,149.0,0.0007,0.0006,0.0,0.0003,0.0006,0.001,0.0022,200
52,9900.366,40.2661,9806.125,9878.0,9905.0,9931.0,9959.7,9.732,8.2581,0.0,3.0,8.0,14.0,29.35,6.9948,5.8367,0.0,3.0,5.0,10.0,21.175,82.9072,30.5326,36.825,60.0,79.0,98.75,153.35,0.0007,0.0006,0.0,0.0003,0.0005,0.001,0.0021,200
53,9898.8854,40.7286,9801.1,9876.75,9902.0,9931.0,9959.0,9.6042,8.6337,0.0,3.0,7.0,13.25,31.675,6.8542,5.4686,0.0,3.0,5.5,10.0,19.225,84.6562,31.1265,39.55,60.75,80.0,101.0,158.0,0.0007,0.0005,0.0,0.0003,0.0005,0.001,0.0019,200
54,9897.8063,41.2531,9797.25,9876.0,9901.0,9931.0,9959.0,9.3403,8.5819,0.0,3.0,7.0,14.0,32.25,6.7749,5.36,0.0,3.0,6.0,10.0,18.5,86.0785,31.6907,39.5,61.0,81.0,102.5,161.0,0.0007,0.0005,0.0,0.0003,0.0006,0.001,0.0018,200
55,9896.7947,41.88,9797.075,9873.0,9900.5,9930.75,9959.0,9.2526,8.7407,0.0,2.0,7.0,13.75,33.0,6.6789,5.2473,0.0,3.0,6.0,10.0,18.275,87.2737,32.3271,39.45,62.25,83.0,104.75,162.275,0.0007,0.0005,0.0,0.0003,0.0006,0.001,0.0018,200
56,9896.0421,42.3577,9796.525,9872.25,9899.5,9930.75,9959.0,9.0421,8.6315,0.0,2.0,6.0,13.0,31.275,6.4684,5.2059,0.0,3.0,5.0,9.0,19.275,88.4474,32.9632,39.45,62.5,85.0,105.75,164.925,0.0006,0.0005,0.0,0.0003,0.0005,0.0009,0.0019,200
57,9894.5882,42.8566,9794.8,9871.0,9898.0,9927.5,9959.0,8.9144,8.5194,0.0,2.0,6.0,13.0,30.35,6.4171,5.2547,0.0,2.0,5.0,9.0,20.35,90.0802,33.5739,39.3,65.0,86.0,108.0,168.1,0.0006,0.0005,0.0,0.0002,0.0005,0.0009,0.002,200
58,9893.9465,43.5219,9791.2,9869.5,9897.0,9927.5,9959.0,8.5882,8.5303,0.0,2.0,6.0,13.0,30.75,6.1444,5.1859,0.0,3.0,5.0,8.0,19.35,91.3209,34.272,39.3,65.5,87.0,110.5,171.5,0.0006,0.0005,0.0,0.0003,0.0005,0.0008,0.0019,200
59,9893.2406,44.1726,9787.25,9868.5,9897.0,9927.0,9959.0,8.4492,8.5425,0.0,2.0,6.0,13.0,32.4,5.9305,4.9045,0.0,2.0,5.0,8.0,18.35,92.3797,34.8974,39.3,66.0,88.0,111.0,171.5,0.0006,0.0005,0.0,0.0002,0.0005,0.0008,0.0018,200
60,9891.9459,44.5383,9786.6,9866.0,9896.0,9927.0,9958.4,8.2108,8.6389,0.0,2.0,6.0,12.0,32.6,5.7784,4.7579,0.0,2.0,5.0,8.0,18.0,94.0649,35.2579,40.6,67.0,90.0,114.0,176.2,0.0006,0.0005,0.0,0.0002,0.0005,0.0008,0.0018,200
61,9890.7268,44.8479,9785.75,9866.0,9895.0,9926.0,9956.9,8.0328,8.5058,0.0,1.0,6.0,11.5,31.8,5.7432,4.9483,0.0,2.0,4.0,8.0,18.0,95.4973,35.6331,41.0,67.5,91.0,116.0,178.7,0.0006,0.0005,0.0,0.0002,0.0004,0.0008,0.0018,200
62,9889.3111,45.2065,9780.275,9864.0,9894.0,9924.25,9955.05,7.7722,8.0338,0.0,1.75,5.0,11.25,28.05,5.8667,5.2677,0.0,2.0,4.5,8.0,19.0,97.05,36.2424,41.95,68.0,92.0,117.0,181.15,0.0006,0.0005,0.0,0.0002,0.0004,0.0008,0.0019,200
63,9888.2067,45.8984,9777.6,9863.0,9894.0,9924.0,9955.1,7.676,8.2547,0.0,1.0,5.0,11.0,31.0,5.8603,5.3834,0.0,2.0,4.0,8.0,20.0,98.257,36.6568,42.45,68.5,94.0,117.5,183.3,0.0006,0.0005,0.0,0.0002,0.0004,0.0008,0.002,200
64,9887.0847,46.2667,9775.6,9862.0,9894.0,9921.0,9955.2,7.3955,8.0192,0.0,1.0,5.0,9.0,30.2,5.8927,5.526,0.0,2.0,4.0,8.0,20.2,99.6271,37.1249,43.0,71.0,95.0,120.0,186.6,0.0006,0.0006,0.0,0.0002,0.0004,0.0008,0.002,200
65,9885.7184,47.0301,9772.325,9861.25,9892.5,9921.0,9955.35,7.3103,7.9623,0.0,2.0,5.0,9.0,29.675,5.9023,5.6208,0.0,2.0,4.5,8.0,21.0,101.069,37.6242,43.325,73.25,97.0,121.0,188.675,0.0006,0.0006,0.0,0.0002,0.0004,0.0008,0.0021,200
66,9884.7803,47.8028,9766.0,9860.0,9891.0,9921.0,9955.4,7.2601,7.9824,0.0,2.0,4.0,9.0,29.7,5.6012,5.5846,0.0,2.0,4.0,7.0,22.1,102.3584,38.1724,43.3,73.0,98.0,122.0,191.0,0.0006,0.0006,0.0,0.0002,0.0004,0.0007,0.0022,200
67,9884.0058,48.5871,9762.75,9858.5,9889.0,9921.0,9955.5,6.9825,7.884,0.0,1.0,4.0,9.0,29.25,5.5439,5.7249,0.0,1.0,4.0,7.0,22.5,103.4678,38.9833,44.0,73.0,100.0,124.0,192.75,0.0006,0.0006,0.0,0.0001,0.0004,0.0007,0.0022,200
68,9882.4556,48.749,9759.0,9858.0,9887.0,9920.0,9953.4,7.0,7.9963,0.0,1.0,4.0,9.0,30.2,5.1302,5.3189,0.0,1.0,4.0,7.0,19.8,105.4142,39.4024,44.8,75.0,101.0,127.0,196.2,0.0005,0.0005,0.0,0.0001,0.0004,0.0007,0.002,200
69,9880.0671,48.9417,9754.975,9854.0,9884.5,9917.25,9951.0,7.1524,8.0612,0.0,1.0,4.0,9.0,31.625,5.0244,4.9485,0.0,1.0,4.0,7.0,17.925,107.7561,39.8624,48.0,78.0,103.5,129.0,200.475,0.0005,0.0005,0.0,0.0001,0.0004,0.0007,0.0018,200
70,9879.1043,49.1289,9754.6,9853.5,9884.0,9915.5,9950.95,7.0061,7.8853,0.0,1.0,4.0,9.0,31.65,4.8896,4.8029,0.0,1.0,4.0,7.0,17.95,109.0,40.3843,48.0,79.0,104.0,130.5,203.6,0.0005,0.0005,0.0,0.0001,0.0004,0.0007,0.0018,200
71,9878.2562,49.7497,9752.875,9853.75,9883.0,9914.75,9951.05,6.8875,7.6403,0.0,1.0,4.0,10.0,29.0,4.95,4.828,0.0,1.0,4.0,7.0,17.025,109.9062,40.9933,47.925,79.0,104.5,131.75,207.3,0.0005,0.0005,0.0,0.0001,0.0004,0.0007,0.0017,200
72,9877.3459,50.1653,9751.6,9852.0,9883.0,9914.0,9951.1,6.7736,7.571,0.0,1.0,5.0,9.5,27.1,4.9434,4.9338,0.0,1.0,4.0,7.0,17.05,110.9371,41.5186,47.85,80.0,106.0,134.5,210.5,0.0005,0.0005,0.0,0.0001,0.0004,0.0007,0.0017,200
73,9875.4968,50.5689,9750.5,9851.5,9882.0,9913.0,9951.3,6.7935,7.3631,0.0,1.0,5.0,10.0,28.0,4.871,5.0003,0.0,1.0,4.0,7.0,19.15,112.8387,42.1044,47.7,82.0,108.0,136.5,213.2,0.0005,0.0005,0.0,0.0001,0.0004,0.0007,0.0019,200
74,9874.1373,50.9289,9749.4,9851.0,9880.0,9911.0,9951.4,6.6275,7.3332,0.0,1.0,4.0,9.0,28.0,4.8235,4.8374,0.0,1.0,3.0,7.0,18.0,114.4118,42.737,47.6,84.0,110.0,139.0,216.0,0.0005,0.0005,0.0,0.0001,0.0003,0.0007,0.0018,200
75,9873.2867,51.1122,9748.15,9850.25,9879.5,9910.5,9951.55,6.4467,6.9162,0.0,1.0,4.0,8.0,25.825,4.8333,4.7895,0.0,1.0,3.0,7.0,16.0,115.4333,43.0586,47.45,84.0,111.5,139.75,219.55,0.0005,0.0005,0.0,0.0001,0.0003,0.0007,0.0016,200
76,9871.6463,51.1559,9745.1,9849.0,9877.0,9909.0,9949.05,6.4558,6.952,0.0,1.0,4.0,7.5,25.35,4.7007,4.7286,0.0,1.0,3.0,6.0,16.35,117.1973,43.2288,49.3,85.0,112.0,141.0,221.0,0.0005,0.0005,0.0,0.0001,0.0003,0.0006,0.0016,200
77,9870.331,51.4382,9743.4,9849.0,9876.0,9909.0,9946.2,6.3517,6.8376,0.0,1.0,4.0,9.0,24.8,4.7103,4.8151,0.0,1.0,3.0,6.0,17.0,118.6069,43.5224,52.4,87.0,114.0,143.0,223.0,0.0005,0.0005,0.0,0.0001,0.0003,0.0006,0.0017,200
78,9869.3681,51.7464,9741.325,9847.0,9876.0,9908.25,9945.85,6.1667,6.6531,0.0,1.0,3.5,9.0,23.85,4.5972,4.8252,0.0,1.0,3.0,6.0,16.0,119.8681,44.0188,52.3,87.0,114.0,144.0,224.425,0.0005,0.0005,0.0,0.0001,0.0003,0.0006,0.0016,200
79,9867.695,52.1109,9738.0,9844.0,9875.0,9908.0,9946.0,6.2979,6.8373,0.0,1.0,3.0,9.0,23.0,4.3688,4.4997,0.0,1.0,3.0,6.0,16.0,121.6383,44.6145,52.5,88.0,116.0,145.0,226.0,0.0004,0.0004,0.0,0.0001,0.0003,0.0006,0.0016,200
80,9865.9493,52.135,9735.7,9841.5,9873.5,9906.75,9938.575,6.1957,6.8914,0.0,1.0,3.5,9.0,25.0,4.4783,4.6348,0.0,1.0,3.0,6.0,16.0,123.3768,44.6306,60.425,89.25,116.5,146.75,229.6,0.0004,0.0005,0.0,0.0001,0.0003,0.0006,0.0016,200
81,9865.073,52.6729,9732.0,9840.0,9873.0,9906.0,9938.0,6.1095,6.842,0.0,1.0,4.0,9.0,24.8,4.2847,4.3847,0.0,1.0,3.0,6.0,16.6,124.5328,45.3874,60.4,90.0,117.0,147.0,233.0,0.0004,0.0004,0.0,0.0001,0.0003,0.0006,0.0017,200
82,9864.4485,53.1477,9730.75,9840.0,9871.5,9906.0,9937.625,5.7794,6.7221,0.0,1.0,3.0,8.0,25.25,4.3971,4.4742,0.0,1.0,2.0,7.0,16.625,125.375,45.984,60.375,89.75,118.5,148.0,234.875,0.0004,0.0004,0.0,0.0001,0.0002,0.0007,0.0017,200
83,9863.7574,53.5447,9730.0,9839.75,9871.5,9905.25,9937.625,5.8603,7.2082,0.0,1.0,3.0,8.0,26.25,4.3897,4.4394,0.0,1.0,3.0,7.0,15.0,125.9926,46.4225,60.375,90.0,119.5,148.0,236.0,0.0004,0.0004,0.0,0.0001,0.0003,0.0007,0.0015,200
84,9862.2803,54.1852,9726.375,9838.5,9870.5,9904.0,9937.725,6.0,7.3608,0.0,1.0,3.0,8.0,27.0,4.4091,4.3848,0.0,1.0,3.0,6.25,16.725,127.3106,47.1341,60.275,92.25,121.5,148.25,240.45,0.0004,0.0004,0.0,0.0001,0.0003,0.0006,0.0017,200
85,9861.0698,55.0577,9724.4,9836.0,9869.0,9903.0,9937.8,6.1008,7.6359,0.0,1.0,3.0,8.0,26.8,4.186,4.1778,0.0,1.0,3.0,7.0,14.8,128.6434,47.9719,60.2,92.0,123.0,149.0,241.6,0.0004,0.0004,0.0,0.0001,0.0003,0.0007,0.0015,200
86,9860.0547,55.4484,9721.575,9835.5,9868.0,9903.0,9937.0,6.0078,7.3064,0.0,1.0,3.0,7.25,26.0,4.0547,4.2506,0.0,1.0,2.0,6.0,15.0,129.8828,48.5825,60.175,93.5,124.0,150.0,248.775,0.0004,0.0004,0.0,0.0001,0.0002,0.0006,0.0015,200
87,9858.5238,55.6594,9718.375,9831.5,9867.5,9901.0,9937.0,5.9206,7.0504,0.0,1.0,3.0,8.0,25.875,3.9841,4.2126,0.0,1.0,2.0,6.0,14.0,131.5714,49.0765,60.125,95.25,126.0,151.0,252.875,0.0004,0.0004,0.0,0.0001,0.0002,0.0006,0.0014,200
88,9857.541,56.7699,9716.2,9829.25,9866.0,9902.0,9937.0,5.959,6.9417,0.0,1.0,3.0,8.0,24.975,4.0492,4.4035,0.0,1.0,2.0,5.0,16.0,132.4508,50.1614,61.0,95.0,127.0,154.75,255.725,0.0004,0.0004,0.0,0.0001,0.0002,0.0005,0.0016,200
89,9856.3833,57.1662,9714.7,9828.5,9864.0,9901.25,9937.2,5.775,6.6963,0.0,1.0,3.0,8.0,24.05,4.0667,4.5657,0.0,1.0,2.0,6.0,16.05,133.775,50.715,60.775,95.75,128.0,156.75,258.1,0.0004,0.0005,0.0,0.0001,0.0002,0.0006,0.0016,200
90,9855.9,57.6257,9708.8,9828.0,9862.5,9899.0,9937.2,5.675,6.6523,0.0,1.0,3.0,8.0,25.025,4.0333,4.6006,0.0,1.0,2.0,6.0,17.025,134.3917,51.2135,60.775,95.75,129.5,157.5,261.05,0.0004,0.0005,0.0,0.0001,0.0002,0.0006,0.0017,200
91,9854.2906,58.2479,9706.4,9824.0,9862.0,9898.0,9937.8,5.7265,6.6405,0.0,1.0,3.0,7.0,24.1,4.0085,4.4769,0.0,1.0,2.0,5.0,16.1,135.9744,52.0645,60.1,96.0,132.0,160.0,264.0,0.0004,0.0004,0.0,0.0001,0.0002,0.0005,0.0016,200
92,9853.6348,58.5423,9705.1,9823.5,9862.0,9897.5,9938.2,5.5826,6.6502,0.0,1.0,3.0,7.0,23.15,4.0609,4.4376,0.0,1.0,2.0,5.0,17.0,136.7217,52.4569,59.65,97.0,132.0,159.5,265.3,0.0004,0.0004,0.0,0.0001,0.0002,0.0005,0.0017,200
93,9851.9646,58.9238,9700.0,9822.0,9859.0,9891.0,9938.6,5.7699,6.9282,0.0,1.0,3.0,9.0,25.2,3.8142,4.0757,0.0,1.0,2.0,5.0,15.2,138.4513,52.8218,59.2,100.0,134.0,161.0,265.4,0.0004,0.0004,0.0,0.0001,0.0002,0.0005,0.0015,200
94,9851.4248,59.3788,9697.4,9822.0,9859.0,9891.0,9938.4,5.5752,6.7507,0.0,1.0,3.0,8.0,25.4,3.8673,4.0843,0.0,1.0,2.0,5.0,16.0,139.1327,53.3045,59.2,100.0,134.0,162.0,266.8,0.0004,0.0004,0.0,0.0001,0.0002,0.0005,0.0016,200
95,9849.7207,59.6212,9695.75,9820.5,9859.0,9889.5,9938.75,5.5135,6.6453,0.0,1.0,3.0,8.5,23.75,3.991,4.2117,0.0,1.0,2.0,5.5,15.0,140.7748,53.5213,59.5,108.0,136.0,164.0,268.0,0.0004,0.0004,0.0,0.0001,0.0002,0.0005,0.0015,200
96,9848.7273,59.8414,9694.8,9819.75,9858.5,9888.75,9938.925,5.4,6.5466,0.0,1.0,3.0,8.0,23.1,3.9182,4.2536,0.0,1.0,2.0,5.0,15.1,141.9545,53.8203,59.525,108.25,136.5,167.25,270.375,0.0004,0.0004,0.0,0.0001,0.0002,0.0005,0.0015,200
97,9847.1927,59.769,9693.7,9819.0,9857.0,9888.0,9937.0,5.3028,6.5504,0.0,1.0,3.0,8.0,22.3,4.0183,4.324,0.0,1.0,2.0,6.0,17.3,143.4862,53.7071,62.0,109.0,137.0,169.0,273.2,0.0004,0.0004,0.0,0.0001,0.0002,0.0006,0.0017,200
98,9845.7944,60.1502,9693.15,9815.5,9857.0,9886.5,9937.0,5.3178,6.4989,0.0,1.0,3.0,8.0,21.35,3.9626,4.3769,0.0,1.0,2.0,5.5,16.0,144.9252,54.1796,62.0,110.5,137.0,170.0,274.4,0.0004,0.0004,0.0,0.0001,0.0002,0.0005,0.0016,200
99,9844.7429,60.3657,9691.8,9811.0,9857.0,9885.0,9937.0,5.1238,6.1809,0.0,1.0,3.0,7.0,21.4,4.0381,4.6021,0.0,1.0,2.0,5.0,16.4,146.0952,54.3998,62.6,111.0,138.0,173.0,276.8,0.0004,0.0005,0.0,0.0001,0.0002,0.0005,0.0016,200
100,9843.2692,60.2947,9690.475,9810.75,9856.5,9884.25,9927.8,5.1538,6.1905,0.0,1.0,3.0,7.0,22.125,4.0,4.7838,0.0,1.0,2.0,5.25,17.275,147.5769,54.4339,68.9,112.75,140.0,173.25,278.55,0.0004,0.0005,0.0,0.0001,0.0002,0.0005,0.0017,200
101,9840.91,61.184,9688.65,9809.5,9853.0,9883.25,9929.4,5.35,6.4115,0.0,1.0,3.0,8.0,22.15,3.93,4.4548,0.0,1.0,2.0,5.0,15.0,149.81,55.4606,67.7,114.0,140.5,177.0,285.775,0.0004,0.0004,0.0,0.0001,0.0002,0.0005,0.0015,200
102,9840.0206,62.2893,9687.6,9808.0,9852.0,9884.0,9930.6,5.4021,6.5718,0.0,1.0,3.0,8.0,23.0,3.7732,4.1704,0.0,1.0,2.0,5.0,14.2,150.8041,56.6053,67.8,114.0,141.0,179.0,288.4,0.0004,0.0004,0.0,0.0001,0.0002,0.0005,0.0014,200
103,9837.8085,62.6045,9686.55,9806.25,9851.0,9883.0,9920.675,5.5106,6.8023,0.0,1.0,3.0,8.0,21.35,3.7234,4.1907,0.0,1.0,2.0,5.0,14.0,152.9574,56.8873,76.3,114.25,142.0,181.5,291.8,0.0004,0.0004,0.0,0.0001,0.0002,0.0005,0.0014,200
104,9836.6667,63.4895,9684.375,9806.0,9849.5,9882.75,9920.775,5.5556,6.9412,0.0,1.0,3.0,8.0,21.55,3.9111,4.0951,0.0,1.0,2.0,6.0,14.0,153.8667,58.0464,75.9,114.25,142.0,181.75,294.85,0.0004,0.0004,0.0,0.0001,0.0002,0.0006,0.0014,200
105,9836.2333,63.6504,9684.375,9806.0,9848.0,9882.75,9920.775,5.4333,6.784,0.0,1.0,3.0,8.0,20.0,3.7667,4.2558,0.0,1.0,2.5,5.0,16.325,154.5667,58.2762,75.9,114.25,143.5,182.75,295.075,0.0004,0.0004,0.0,0.0001,0.0002,0.0005,0.0016,200
106,9835.7159,64.3124,9682.8,9805.0,9847.5,9884.25,9920.825,5.4432,6.7418,0.0,1.0,3.0,7.0,20.65,3.6705,4.2845,0.0,1.0,2.0,5.0,16.3,155.1705,58.9567,76.525,114.25,144.5,183.5,297.9,0.0004,0.0004,0.0,0.0001,0.0002,0.0005,0.0016,200
107,9834.1047,64.6583,9681.125,9802.75,9844.5,9878.75,9920.875,5.186,6.4168,0.0,1.0,2.0,7.0,20.75,3.7674,4.4765,0.0,1.0,2.0,5.0,14.0,156.9419,59.6344,76.375,115.0,146.5,186.0,299.375,0.0004,0.0004,0.0,0.0001,0.0002,0.0005,0.0014,200
108,9833.7674,65.0134,9679.375,9802.75,9844.5,9878.75,9920.875,4.907,6.2517,0.0,1.0,2.0,7.0,24.625,3.7558,4.2616,0.0,1.0,3.0,5.0,13.0,157.5698,60.0534,76.375,115.0,147.5,187.0,300.125,0.0004,0.0004,0.0,0.0001,0.0003,0.0005,0.0013,200
109,9831.7317,66.3636,9673.575,9801.25,9842.0,9878.75,9920.975,5.0122,6.1614,0.0,1.0,2.0,7.75,20.95,3.9878,4.3294,0.0,1.0,2.0,6.0,14.975,159.2683,61.3045,77.05,115.25,149.0,192.75,300.875,0.0004,0.0004,0.0,0.0001,0.0002,0.0006,0.0015,200
110,9830.1375,67.0703,9668.925,9798.75,9840.0,9878.25,9921.575,4.8625,6.1558,0.0,1.0,2.0,7.25,21.025,4.05,4.2863,0.0,1.0,3.0,6.0,16.025,160.95,62.0808,77.425,115.75,152.0,194.0,303.175,0.0004,0.0004,0.0,0.0001,0.0003,0.0006,0.0016,200
111,9829.65,67.3905,9667.925,9798.0,9840.0,9878.25,9921.575,4.75,5.9823,0.0,1.0,2.0,8.0,20.05,3.9625,4.3688,0.0,1.0,3.0,6.0,17.025,161.6375,62.4328,77.45,116.5,153.0,194.25,304.2,0.0004,0.0004,0.0,0.0001,0.0003,0.0006,0.0017,200
112,9823.7067,66.1481,9665.0,9790.5,9835.0,9866.5,9919.3,5.0667,5.8454,0.0,1.0,2.0,8.0,19.3,4.1733,4.5059,0.0,1.0,3.0,6.0,17.45,167.0533,61.6636,79.7,127.0,155.0,199.0,309.9,0.0004,0.0005,0.0,0.0001,0.0003,0.0006,0.0017,200
113,9822.8493,67.3589,9664.0,9788.0,9835.0,9867.0,9919.4,5.2055,6.113,0.0,1.0,3.0,7.0,20.6,4.1781,4.5249,0.0,1.0,3.0,6.0,17.0,167.7671,62.8029,79.6,126.0,157.0,203.0,312.2,0.0004,0.0005,0.0,0.0001,0.0003,0.0006,0.0017,200
114,9821.6528,67.8845,9663.775,9787.0,9834.5,9866.25,9919.45,5.3056,6.326,0.0,1.0,2.5,8.25,22.225,3.8472,4.3737,0.0,1.0,3.0,5.0,15.575,169.1944,63.3278,79.55,127.0,158.5,204.25,313.35,0.0004,0.0004,0.0,0.0001,0.0003,0.0005,0.0016,200
115,9821.0857,68.9245,9661.9,9785.0,9834.5,9866.75,9919.55,5.2857,6.3113,0.0,1.0,3.0,7.75,21.275,3.9143,4.4167,0.0,1.0,2.5,5.75,14.925,169.7143,64.3282,79.45,127.25,159.0,204.5,315.2,0.0004,0.0004,0.0,0.0001,0.0002,0.0006,0.0015,200
116,9819.1176,69.7406,9661.7,9782.0,9830.5,9865.25,9919.65,5.5294,6.6076,0.0,0.75,3.0,9.0,23.975,3.6029,3.9968,0.0,1.0,2.5,5.0,14.275,171.75,65.1768,79.35,127.75,163.0,209.5,316.6,0.0004,0.0004,0.0,0.0001,0.0002,0.0005,0.0014,200
117,9819.0152,70.3251,9660.5,9782.0,9829.5,9864.75,9919.75,5.3939,6.4217,0.0,1.0,3.0,8.0,23.5,3.6515,4.3292,0.0,1.0,2.0,5.0,15.5,171.9394,65.4863,79.25,128.5,164.0,209.25,319.625,0.0004,0.0004,0.0,0.0001,0.0002,0.0005,0.0016,200
118,9817.1385,70.9747,9659.2,9781.0,9827.0,9864.0,9919.8,5.6615,7.1796,0.0,1.0,3.0,8.0,26.4,3.4923,3.9463,0.0,1.0,2.0,5.0,14.8,173.7077,65.6847,79.2,130.0,164.0,211.0,320.8,0.0003,0.0004,0.0,0.0001,0.0002,0.0005,0.0015,200
119,9813.8095,70.3524,9658.85,9778.0,9826.0,9859.0,9919.9,5.6508,7.2312,0.0,1.0,3.0,7.0,25.45,3.2222,3.42,0.0,1.0,2.0,5.0,12.35,177.3175,65.3479,79.1,133.0,166.0,212.5,323.8,0.0003,0.0003,0.0,0.0001,0.0002,0.0005,0.0012,200
120,9814.4098,70.0427,9657.0,9776.0,9826.0,9858.0,9920.0,5.8852,7.5207,0.0,1.0,3.0,8.0,25.0,3.2623,3.2789,0.0,1.0,2.0,4.0,12.0,176.4426,64.4746,79.0,133.0,167.0,212.0,325.0,0.0003,0.0003,0.0,0.0001,0.0002,0.0004,0.0012,200
121,9813.5,70.6422,9656.225,9775.5,9825.0,9858.0,9920.05,5.5833,7.0529,0.0,1.0,2.5,8.0,21.15,3.4,3.4986,0.0,1.0,2.0,5.0,13.0,177.5167,65.1441,78.95,132.75,168.0,213.25,326.1,0.0003,0.0003,0.0,0.0001,0.0002,0.0005,0.0013,200
122,9812.5424,71.504,9655.95,9773.5,9824.0,9858.0,9920.1,5.6271,7.2996,0.0,1.0,2.0,8.0,25.1,3.4576,3.5431,0.0,1.0,2.0,5.0,12.55,178.3729,66.0213,78.9,132.5,169.0,214.0,327.75,0.0003,0.0004,0.0,0.0001,0.0002,0.0005,0.0013,200
123,9810.3684,72.4008,9654.8,9772.0,9812.0,9858.0,9920.2,5.5439,7.0389,0.0,1.0,2.0,8.0,24.4,3.6667,3.8541,0.0,1.0,2.0,6.0,14.6,180.4211,66.825,79.4,134.0,172.0,215.0,328.0,0.0004,0.0004,0.0,0.0001,0.0002,0.0006,0.0015,200
124,9806.0545,71.0248,9654.2,9765.0,9807.0,9856.0,9915.5,5.6364,7.01,0.0,1.0,3.0,8.0,26.65,3.6909,4.0893,0.0,1.0,2.0,6.0,16.0,184.6182,65.5706,83.8,140.5,180.0,219.5,329.25,0.0004,0.0004,0.0,0.0001,0.0002,0.0006,0.0016,200
125,9803.4074,70.4177,9653.9,9761.5,9807.0,9854.5,9908.35,5.6481,7.5133,0.0,1.0,3.0,8.0,30.025,3.8148,4.4931,0.0,1.0,2.0,5.75,16.35,187.1296,65.0336,89.975,141.25,180.5,222.75,331.7,0.0004,0.0004,0.0,0.0001,0.0002,0.0006,0.0016,200
126,9804.3585,70.5683,9653.6,9761.0,9807.0,9854.0,9907.8,5.6604,7.6945,0.0,1.0,3.0,7.0,28.4,3.8302,4.4371,0.0,1.0,2.0,5.0,15.1,186.1509,64.8675,89.9,141.0,180.0,217.0,332.1,0.0004,0.0004,0.0,0.0001,0.0002,0.0005,0.0015,200
127,9804.8654,71.1672,9653.3,9767.5,9809.5,9854.0,9907.9,5.5769,7.0366,0.0,1.0,3.0,7.25,23.725,3.8269,4.5052,0.0,1.0,2.0,5.0,16.35,185.7308,65.3562,89.825,140.75,179.5,217.0,332.175,0.0004,0.0005,0.0,0.0001,0.0002,0.0005,0.0016,200
128,9804.4038,71.3629,9653.3,9763.75,9809.5,9854.0,9907.625,5.3846,6.8195,0.0,1.0,2.5,7.0,21.725,3.6346,4.3236,0.0,1.0,2.0,5.0,14.45,186.5769,65.809,89.825,140.75,182.5,217.25,333.625,0.0004,0.0004,0.0,0.0001,0.0002,0.0005,0.0014,200
129,9802.68,72.1342,9652.7,9756.5,9809.5,9852.75,9907.875,5.24,6.7039,0.0,1.0,2.5,7.75,18.775,3.84,4.4016,0.0,1.0,2.0,4.75,17.875,188.24,66.8166,90.675,141.25,184.5,217.75,336.2,0.0004,0.0004,0.0,0.0001,0.0002,0.0005,0.0018,200
130,9802.28,72.4362,9650.475,9756.5,9809.5,9852.25,9907.875,5.06,6.3322,0.0,1.0,2.5,6.75,18.1,3.62,3.9592,0.0,1.0,2.0,4.75,15.55,189.04,67.378,90.675,141.5,185.0,219.25,338.2,0.0004,0.0004,0.0,0.0001,0.0002,0.0005,0.0016,200
131,9800.8163,72.9891,9649.4,9753.0,9807.0,9848.0,9907.8,5.0204,6.2905,0.0,1.0,2.0,7.0,20.6,3.5102,3.8392,0.0,1.0,2.0,5.0,14.8,190.6531,68.1351,90.6,142.0,186.0,221.0,340.0,0.0004,0.0004,0.0,0.0001,0.0002,0.0005,0.0015,200
132,9799.9787,74.5162,9648.8,9749.5,9807.0,9850.5,9908.1,4.9574,5.8235,0.0,1.0,3.0,6.5,19.95,3.8298,4.4498,0.0,1.0,2.0,5.5,16.85,191.234,69.5078,90.45,142.0,186.0,226.5,340.65,0.0004,0.0004,0.0,0.0001,0.0002,0.0006,0.0017,200
133,9797.0,75.0265,9648.2,9744.0,9804.0,9848.0,9908.4,4.8444,5.1981,0.0,1.0,3.0,7.0,20.1,3.8222,4.4035,0.0,1.0,2.0,6.0,13.0,194.3333,70.6251,90.3,143.0,188.0,234.0,342.9,0.0004,0.0004,0.0,0.0001,0.0002,0.0006,0.0013,200
134,9795.0909,75.5552,9643.275,9743.25,9802.5,9846.5,9908.55,4.4773,4.7314,0.0,1.0,3.5,6.0,19.475,4.1136,4.5036,0.0,1.0,2.5,6.0,14.85,196.3182,71.2964,90.225,145.25,191.0,240.25,345.025,0.0004,0.0005,0.0,0.0001,0.0002,0.0006,0.0015,200
135,9794.7273,75.8184,9641.425,9742.5,9802.5,9846.5,9908.55,4.1818,4.6528,0.0,0.75,2.5,7.0,17.625,4.0,4.0843,0.0,1.0,2.5,5.25,13.85,197.0909,71.9001,90.225,145.5,191.5,243.0,345.95,0.0004,0.0004,0.0,0.0001,0.0002,0.0005,0.0014,200
136,9794.3636,76.0287,9641.35,9742.25,9802.5,9845.75,9908.55,4.2045,4.3931,0.0,0.75,3.0,7.0,16.625,3.6818,3.8716,0.0,1.0,3.0,5.25,11.85,197.75,72.2093,91.15,145.5,192.0,243.0,347.025,0.0004,0.0004,0.0,0.0001,0.0003,0.0005,0.0012,200
137,9788.9756,76.2734,9639.0,9738.0,9801.0,9843.0,9903.0,4.561,4.6014,0.0,1.0,3.0,6.0,17.0,4.0488,4.0602,1.0,1.0,3.0,6.0,12.0,202.4146,72.5188,93.0,154.0,195.0,258.0,350.0,0.0004,0.0004,0.0001,0.0001,0.0003,0.0006,0.0012,200
138,9788.6585,76.4064,9639.0,9735.0,9801.0,9842.0,9903.0,4.2683,4.5587,0.0,1.0,3.0,7.0,15.0,3.9512,4.0119,0.0,1.0,2.0,5.0,12.0,203.122,72.5727,94.0,155.0,195.0,258.0,350.0,0.0004,0.0004,0.0,0.0001,0.0002,0.0005,0.0012,200
139,9788.3171,76.5374,9639.0,9735.0,9801.0,9841.0,9903.0,4.2683,4.4339,0.0,0.0,3.0,7.0,14.0,3.439,3.4644,0.0,1.0,2.0,4.0,11.0,203.9756,72.8311,94.0,155.0,195.0,258.0,350.0,0.0003,0.0003,0.0,0.0001,0.0002,0.0004,0.0011,200
140,9787.55,77.6746,9638.975,9733.75,9799.0,9841.75,9904.35,4.2,4.1845,0.0,0.75,3.0,7.0,11.15,3.225,3.078,0.0,1.0,2.0,5.0,11.025,205.025,74.1507,92.725,153.0,196.0,260.0,350.075,0.0003,0.0003,0.0,0.0001,0.0002,0.0005,0.0011,200
141,9781.4324,75.2935,9638.9,9733.0,9797.0,9841.0,9901.2,4.2973,3.7044,0.0,2.0,3.0,7.0,11.3,3.2703,3.2603,0.0,1.0,2.0,4.0,10.5,211.0,72.1919,95.8,156.0,197.0,266.0,350.4,0.0003,0.0003,0.0,0.0001,0.0002,0.0004,0.0011,200
142,9779.5,75.5577,9638.875,9725.75,9794.5,9838.0,9900.375,4.0556,3.3989,0.0,2.0,3.0,6.0,11.125,3.1389,3.0382,0.0,1.0,2.5,4.25,9.5,213.3056,72.9577,95.875,157.25,198.5,269.75,352.375,0.0003,0.0003,0.0,0.0001,0.0002,0.0004,0.001,200
143,9778.4118,76.2631,9638.65,9711.25,9794.0,9836.75,9900.525,4.0294,3.3474,0.0,2.0,3.0,6.0,11.175,3.4412,2.9022,0.0,1.0,2.5,5.0,11.0,214.1176,73.7144,95.825,160.75,198.5,273.5,353.35,0.0003,0.0003,0.0,0.0001,0.0002,0.0005,0.0011,200
144,9778.1176,76.4233,9638.475,9710.75,9794.0,9836.75,9900.525,3.8235,3.4766,0.0,1.0,3.0,6.0,13.0,3.3824,2.7867,0.0,1.0,3.0,5.0,9.35,214.6765,73.7798,96.825,160.75,200.0,275.75,354.175,0.0003,0.0003,0.0,0.0001,0.0003,0.0005,0.0009,200
145,9774.0,74.4043,9638.2,9704.0,9791.0,9834.0,9888.8,3.7879,3.7478,0.0,1.0,2.0,6.0,13.4,3.303,2.5164,0.0,1.0,3.0,5.0,8.2,218.9091,72.1876,109.6,163.0,202.0,284.0,354.2,0.0003,0.0003,0.0,0.0001,0.0003,0.0005,0.0008,200
146,9773.6667,74.5673,9638.2,9703.0,9791.0,9834.0,9888.8,3.6061,3.7004,0.0,1.0,2.0,5.0,13.2,3.3939,2.5577,0.0,1.0,4.0,5.0,9.2,219.3333,72.147,109.6,163.0,203.0,284.0,354.2,0.0003,0.0003,0.0,0.0001,0.0004,0.0005,0.0009,200
147,9772.6562,75.7536,9637.65,9701.75,9788.5,9834.0,9889.15,3.5938,3.5782,0.0,1.0,2.5,5.25,11.35,3.375,2.7811,0.0,1.0,3.5,4.25,9.9,220.375,73.2925,110.175,162.25,203.0,287.75,355.225,0.0003,0.0003,0.0,0.0001,0.0004,0.0004,0.001,200
148,9768.6129,74.4501,9636.25,9700.5,9786.0,9831.0,9888.0,3.7742,3.782,0.0,1.0,3.0,6.0,11.5,3.1935,2.5326,0.0,1.0,3.0,4.5,7.5,224.4194,72.1941,110.75,164.0,203.0,292.5,356.25,0.0003,0.0003,0.0,0.0001,0.0003,0.0004,0.0007,200
149,9768.3226,74.6114,9635.5,9700.5,9786.0,9831.0,9888.0,3.5806,3.8166,0.0,1.0,3.0,5.5,13.0,2.8065,2.2204,0.0,1.0,2.0,4.5,6.75,225.2903,72.5295,111.5,164.5,206.0,293.0,357.25,0.0003,0.0002,0.0,0.0001,0.0002,0.0004,0.0007,200
150,9764.1,73.1142,9633.7,9699.0,9783.0,9827.25,9870.275,3.7,3.9762,0.0,1.0,3.0,5.75,13.65,2.6333,2.1211,0.0,1.0,2.5,3.75,7.275,229.5667,70.8306,129.175,169.0,213.0,295.5,357.275,0.0003,0.0002,0.0,0.0001,0.0002,0.0004,0.0007,200
151,9759.9286,73.3689,9633.1,9697.25,9770.0,9823.5,9868.275,3.8214,3.8457,0.0,0.75,3.0,5.25,13.3,2.6429,1.6521,0.0,1.0,2.5,4.0,5.325,233.6071,71.5723,130.4,173.0,220.0,300.0,359.0,0.0003,0.0002,0.0,0.0001,0.0002,0.0004,0.0005,200
152,9759.3571,73.6067,9632.125,9697.25,9769.0,9823.25,9866.25,4.0714,4.2672,0.0,1.0,3.0,5.25,15.3,2.6429,1.7971,0.0,1.0,2.0,4.0,6.0,233.9286,71.6055,130.4,173.0,221.0,300.0,359.0,0.0003,0.0002,0.0,0.0001,0.0002,0.0004,0.0006,200
153,9762.8519,72.4041,9631.75,9700.0,9786.0,9824.0,9867.5,4.0741,4.0909,0.0,1.0,3.0,5.0,14.75,2.8148,1.9633,0.0,1.0,2.0,4.0,6.35,230.2593,69.9161,129.2,171.0,207.0,296.0,359.0,0.0003,0.0002,0.0,0.0001,0.0002,0.0004,0.0006,200
154,9759.5,72.6595,9628.75,9699.0,9769.0,9819.75,9868.75,4.0769,4.5987,0.0,1.0,2.5,5.0,16.0,3.0,2.1839,0.0,1.0,2.5,4.75,7.375,233.4231,70.2146,128.625,175.25,221.0,298.75,359.375,0.0003,0.0002,0.0,0.0001,0.0002,0.0005,0.0007,200
155,9758.9231,72.5592,9628.125,9699.0,9767.5,9819.5,9868.75,4.0769,4.5482,0.0,1.0,2.0,6.5,14.375,2.8846,2.4072,1.0,1.0,2.0,4.0,8.375,234.1154,70.2081,128.625,176.0,222.5,299.0,360.375,0.0003,0.0002,0.0001,0.0001,0.0002,0.0004,0.0008,200
156,9758.5,72.6706,9628.125,9699.0,9765.5,9819.5,9868.75,4.0769,4.4972,0.0,1.0,2.0,5.75,14.0,2.8462,2.6413,0.0,1.0,1.0,5.0,8.375,234.5769,70.3673,128.625,177.5,223.0,299.25,360.375,0.0003,0.0003,0.0,0.0001,0.0001,0.0005,0.0008,200
157,9756.28,73.5758,9627.8,9698.0,9750.0,9822.0,9870.0,4.28,4.4409,0.0,1.0,2.0,8.0,14.2,2.88,2.5662,0.0,1.0,2.0,4.0,9.4,236.56,71.2433,127.4,177.0,238.0,301.0,360.8,0.0003,0.0003,0.0,0.0001,0.0002,0.0004,0.0009,200
158,9755.76,73.7023,9627.8,9698.0,9750.0,9822.0,9870.0,4.36,4.8898,0.0,1.0,2.0,7.0,15.2,2.8,2.498,0.0,1.0,2.0,4.0,8.6,237.08,71.2915,127.8,177.0,239.0,301.0,362.0,0.0003,0.0002,0.0,0.0001,0.0002,0.0004,0.0009,200
159,9755.44,73.7038,9627.8,9698.0,9750.0,9822.0,9870.0,4.16,4.7806,0.0,1.0,2.0,6.0,15.6,2.96,2.5531,0.0,1.0,2.0,4.0,9.2,237.44,71.4726,127.8,177.0,240.0,301.0,363.0,0.0003,0.0003,0.0,0.0001,0.0002,0.0004,0.0009,200
160,9755.16,73.8749,9625.8,9698.0,9750.0,9822.0,9868.8,4.04,4.6689,0.0,1.0,2.0,6.0,15.2,2.6,2.498,0.0,1.0,2.0,4.0,8.4,238.2,71.8019,128.4,178.0,243.0,302.0,363.8,0.0003,0.0002,0.0,0.0001,0.0002,0.0004,0.0008,200
161,9754.3913,74.7167,9624.7,9696.0,9750.0,9817.5,9870.95,4.2609,4.0348,0.0,1.0,3.0,6.0,13.0,2.8696,2.6589,0.0,1.0,2.0,4.0,9.45,238.4783,72.9555,126.4,174.5,243.0,299.5,365.95,0.0003,0.0003,0.0,0.0001,0.0002,0.0004,0.0009,200
162,9753.8261,74.7335,9624.15,9696.0,9750.0,9816.5,9870.95,4.3478,4.2795,0.0,1.0,3.0,7.0,12.9,2.913,2.6361,0.0,1.5,2.0,4.0,9.0,238.913,73.2968,126.4,175.0,243.0,300.0,366.4,0.0003,0.0003,0.0,0.0002,0.0002,0.0004,0.0009,200
163,9753.5217,74.7104,9624.15,9696.0,9750.0,9815.0,9870.95,4.087,4.2315,0.0,1.0,2.0,7.0,12.35,3.087,2.903,0.0,1.0,2.0,4.5,8.9,239.3043,73.6392,126.95,175.0,243.0,300.5,367.4,0.0003,0.0003,0.0,0.0001,0.0002,0.0004,0.0009,200
164,9753.087,74.7575,9623.7,9696.0,9750.0,9814.5,9870.95,4.1739,4.4001,0.0,1.0,2.0,7.5,13.35,2.913,3.1056,0.0,0.5,1.0,4.5,9.9,239.8261,73.6677,126.95,175.5,243.0,300.5,368.4,0.0003,0.0003,0.0,0.0,0.0001,0.0004,0.001,200
165,9757.7727,72.5358,9622.3,9696.5,9759.0,9817.5,9872.225,4.2273,4.8423,0.0,1.0,2.5,6.5,15.8,3.2273,3.7771,0.0,0.0,2.0,4.0,11.95,234.7727,70.4027,125.725,174.25,229.5,290.75,363.975,0.0003,0.0004,0.0,0.0,0.0002,0.0004,0.0012,200
166,9757.7143,74.6746,9619.5,9694.0,9766.0,9821.0,9873.5,4.619,5.3316,0.0,1.0,2.0,8.0,17.0,3.1905,3.6855,0.0,0.0,2.0,4.0,11.0,234.4762,71.9217,124.5,173.0,216.0,298.0,365.0,0.0003,0.0004,0.0,0.0,0.0002,0.0004,0.0011,200
167,9757.4211,75.0637,9615.85,9696.5,9766.0,9813.5,9876.05,5.1579,5.9935,0.0,1.0,2.0,9.5,18.5,3.4737,3.0499,0.0,1.0,2.0,5.5,9.0,233.9474,71.4883,122.05,178.0,216.0,287.5,366.9,0.0003,0.0003,0.0,0.0001,0.0002,0.0005,0.0009,200
168,9759.8889,76.5128,9613.375,9700.5,9770.0,9817.25,9877.325,5.7222,6.3052,0.0,1.0,3.0,11.0,18.9,3.2222,2.3465,0.0,1.0,3.0,5.0,7.15,231.1667,72.0002,120.825,176.25,213.0,275.75,368.625,0.0003,0.0002,0.0,0.0001,0.0003,0.0005,0.0007,200
169,9759.2222,76.9398,9611.95,9700.5,9767.5,9817.0,9877.325,5.6111,6.5246,0.0,0.25,2.0,9.75,19.175,3.4444,2.1915,1.0,1.0,4.0,5.0,7.15,231.7222,72.3332,121.25,176.5,213.5,276.5,370.05,0.0003,0.0002,0.0001,0.0001,0.0004,0.0005,0.0007,200
170,9759.0,77.2507,9610.375,9700.5,9767.0,9817.0,9877.325,5.3333,6.307,0.0,0.0,2.0,9.75,18.025,3.5556,2.4088,0.425,1.0,4.0,5.75,7.575,232.1111,72.3839,121.675,176.75,213.5,277.25,371.05,0.0004,0.0002,0.0,0.0001,0.0004,0.0006,0.0008,200
171,9758.2222,77.4507,9609.375,9699.0,9766.0,9815.5,9877.325,5.4444,6.0573,0.0,0.0,2.5,11.0,17.025,3.5556,2.9102,0.425,1.0,3.0,5.0,9.725,232.7778,72.5454,121.675,177.5,215.5,278.75,371.05,0.0004,0.0003,0.0,0.0001,0.0003,0.0005,0.001,200
172,9757.7222,78.2033,9605.35,9699.0,9765.5,9815.25,9877.325,5.6667,6.3509,0.0,0.0,2.5,10.5,18.575,3.3889,2.7109,0.425,1.0,3.0,4.0,9.0,233.2222,72.7305,121.675,177.5,218.0,278.75,372.2,0.0003,0.0003,0.0,0.0001,0.0003,0.0004,0.0009,200
173,9757.5,78.3129,9605.35,9699.0,9765.0,9815.25,9877.325,5.3333,5.9161,0.0,0.0,3.0,9.75,17.3,3.5,3.1491,0.425,1.0,2.5,5.75,10.725,233.6667,72.9551,121.675,177.75,218.0,279.5,372.625,0.0004,0.0003,0.0,0.0001,0.0002,0.0006,0.0011,200
174,9754.7059,80.6326,9601.2,9689.0,9757.0,9821.0,9878.6,5.2941,6.1622,0.0,0.0,3.0,8.0,18.8,4.0588,4.0941,0.4,1.0,3.0,6.0,13.6,235.9412,74.9207,120.4,176.0,226.0,285.0,374.8,0.0004,0.0004,0.0,0.0001,0.0003,0.0006,0.0014,200
175,9755.0625,83.3415,9600.5,9687.75,9764.5,9823.0,9879.875,6.1875,6.4539,0.0,0.75,4.5,9.25,20.25,3.9375,3.8805,1.0,1.0,2.0,6.25,12.75,234.8125,77.3023,119.125,174.75,219.0,292.25,376.625,0.0004,0.0004,0.0001,0.0001,0.0002,0.0006,0.0013,200
176,9754.6875,83.6875,9600.125,9686.75,9764.5,9823.0,9879.875,5.5,5.6679,0.0,0.75,3.5,8.25,17.5,4.1875,4.2459,0.0,1.0,2.5,7.0,13.375,235.625,77.332,119.5,174.75,222.0,293.75,377.0,0.0004,0.0004,0.0,0.0001,0.0002,0.0007,0.0013,200
177,9744.7143,84.9726,9597.775,9682.25,9751.0,9815.25,9877.55,6.1429,5.4754,0.0,1.25,5.5,8.75,17.375,4.5,4.1188,0.325,1.0,3.5,6.75,13.05,244.6429,79.2776,121.775,179.75,238.5,304.0,379.1,0.0004,0.0004,0.0,0.0001,0.0004,0.0007,0.0013,200
178,9737.6923,84.3595,9597.1,9680.0,9747.0,9798.0,9877.4,6.0769,4.8905,0.0,2.0,5.0,9.0,15.5,5.0769,4.3934,1.0,1.0,4.0,8.0,14.2,251.1538,79.2133,120.4,188.0,249.0,308.0,380.1,0.0005,0.0004,0.0001,0.0001,0.0004,0.0008,0.0014,200
179,9737.0,84.6749,9595.7,9680.0,9747.0,9798.0,9877.4,6.2308,5.2646,0.0,2.0,5.0,10.0,16.1,5.0,3.7826,1.0,1.0,5.0,7.0,11.7,251.7692,79.5034,120.4,188.0,249.0,308.0,380.4,0.0005,0.0004,0.0001,0.0001,0.0005,0.0007,0.0012,200
180,9736.1538,85.3264,9592.6,9680.0,9747.0,9798.0,9876.8,6.3077,5.6212,0.0,2.0,5.0,8.0,17.4,4.6923,4.1022,0.0,1.0,5.0,8.0,11.4,252.8462,79.8786,120.7,189.0,252.0,309.0,382.5,0.0005,0.0004,0.0,0.0001,0.0005,0.0008,0.0011,200
181,9736.0769,85.3161,9592.6,9680.0,9747.0,9798.0,9876.8,5.6923,4.8577,0.0,1.0,5.0,8.0,13.7,4.5385,4.1624,0.0,1.0,5.0,7.0,12.5,253.6923,80.0177,121.4,191.0,252.0,309.0,383.9,0.0005,0.0004,0.0,0.0001,0.0005,0.0007,0.0012,200
182,9722.1667,74.3739,9590.35,9678.25,9733.0,9778.25,9823.9,5.75,4.867,0.0,2.5,4.0,8.25,14.45,4.5,3.6171,0.0,1.75,4.5,6.5,11.175,267.5833,69.8194,171.475,214.25,260.5,310.25,386.775,0.0004,0.0004,0.0,0.0002,0.0004,0.0006,0.0011,200
183,9721.9167,74.7467,9588.9,9678.0,9733.0,9778.25,9823.9,5.4167,4.9068,0.0,1.75,4.0,8.0,14.9,4.3333,3.9441,0.275,1.0,3.0,6.0,11.725,268.3333,70.0171,171.475,215.25,261.5,310.5,387.775,0.0004,0.0004,0.0,0.0001,0.0003,0.0006,0.0012,200
184,9721.4167,75.3121,9586.725,9677.5,9732.5,9778.25,9823.9,5.4167,5.6636,0.0,1.75,3.5,7.25,17.35,4.1667,3.1842,0.275,1.75,3.5,7.0,9.725,269.0,70.6777,171.475,215.5,262.0,310.5,390.5,0.0004,0.0003,0.0,0.0002,0.0004,0.0007,0.001,200
185,9720.8333,75.8473,9585.0,9677.0,9732.5,9777.5,9823.9,5.1667,5.3046,0.275,1.75,3.0,5.75,16.9,4.1667,3.3375,0.275,1.0,3.5,7.25,9.725,269.8333,71.0397,171.475,217.0,262.5,311.25,392.675,0.0004,0.0003,0.0,0.0001,0.0004,0.0007,0.001,200
186,9720.5,76.1627,9584.275,9676.5,9732.5,9777.5,9823.9,5.0,5.0827,0.275,2.0,3.0,5.75,15.725,4.25,3.3696,0.275,1.0,3.5,6.5,10.0,270.25,71.566,171.475,217.0,262.5,311.5,394.4,0.0004,0.0003,0.0,0.0001,0.0004,0.0006,0.001,200
187,9719.9167,76.32,9583.275,9675.5,9732.0,9777.25,9823.175,5.0,5.3697,0.275,2.0,2.5,5.25,16.45,4.1667,3.3871,0.0,1.0,3.5,6.25,10.0,270.9167,71.2173,172.475,217.75,262.5,311.5,394.675,0.0004,0.0003,0.0,0.0001,0.0004,0.0006,0.001,200
188,9710.5455,73.1628,9582.25,9671.0,9719.0,9759.0,9817.0,5.1818,4.7447,1.25,2.0,3.0,6.0,14.75,4.0909,3.3154,0.0,1.5,3.0,6.5,9.75,280.1818,68.9411,178.0,232.5,274.0,313.5,397.75,0.0004,0.0003,0.0,0.0002,0.0003,0.0006,0.001,200
189,9710.1818,73.2949,9582.25,9669.5,9718.0,9759.0,9817.0,5.0909,4.337,1.25,2.0,3.0,6.5,13.75,3.7273,3.5185,0.0,1.0,2.0,6.5,9.75,281.0,68.9796,179.0,233.0,276.0,314.5,398.75,0.0004,0.0004,0.0,0.0001,0.0002,0.0006,0.001,200
190,9709.6364,73.1105,9582.0,9669.5,9718.0,9759.0,9816.25,5.3636,4.3957,1.25,2.0,3.0,7.5,13.75,3.0,2.8604,0.0,1.0,2.0,4.5,8.0,282.0,69.4275,180.5,234.0,276.0,315.5,401.5,0.0003,0.0003,0.0,0.0001,0.0002,0.0004,0.0008,200
191,9709.2727,72.9634,9582.0,9669.5,9718.0,9759.0,9816.25,5.1818,4.7829,1.0,1.5,3.0,9.0,13.0,3.0,2.3741,0.25,1.0,2.0,4.5,7.5,282.5455,69.7442,180.5,235.0,276.0,316.5,403.0,0.0003,0.0002,0.0,0.0001,0.0002,0.0004,0.0008,200
192,9708.7273,72.7137,9582.0,9668.5,9718.0,9759.0,9814.75,4.7273,4.3294,1.0,1.0,3.0,7.5,13.5,3.1818,3.0989,0.25,1.0,2.0,4.5,9.5,283.3636,70.0146,180.5,236.5,276.0,318.5,403.5,0.0003,0.0003,0.0,0.0001,0.0002,0.0004,0.001,200
193,9708.1818,73.5451,9578.25,9668.5,9718.0,9759.0,9814.75,4.8182,4.6087,0.25,1.0,3.0,7.5,13.5,3.3636,3.1987,0.25,1.0,2.0,5.0,10.0,283.6364,70.0055,180.5,237.0,277.0,319.0,403.5,0.0003,0.0003,0.0,0.0001,0.0002,0.0005,0.001,200
194,9707.4545,74.2127,9575.25,9668.0,9718.0,9759.0,9814.75,5.0,5.7997,0.25,1.0,2.0,6.0,16.75,3.6364,3.0829,0.25,1.0,2.0,5.0,9.5,283.9091,70.0772,181.25,237.0,277.0,319.5,404.25,0.0004,0.0003,0.0,0.0001,0.0002,0.0005,0.001,200
195,9706.4545,75.5241,9570.5,9666.5,9717.0,9759.0,9814.75,5.5455,6.4858,1.0,1.0,2.0,7.5,19.5,3.3636,3.0532,0.25,1.0,2.0,5.0,9.25,284.6364,70.3837,181.5,237.0,279.0,321.0,405.25,0.0003,0.0003,0.0,0.0001,0.0002,0.0005,0.0009,200
196,9706.1818,75.622,9569.75,9666.0,9717.0,9759.0,9814.0,5.1818,5.7811,1.0,1.0,2.0,7.5,17.75,3.4545,3.5768,0.25,1.0,2.0,5.0,10.5,285.1818,70.5934,181.5,238.0,279.0,322.5,406.0,0.0003,0.0004,0.0,0.0001,0.0002,0.0005,0.0011,200
197,9705.7273,75.896,9567.5,9666.0,9717.0,9759.0,9812.5,5.1818,5.9669,1.0,1.0,2.0,7.0,18.5,3.4545,3.8462,0.0,1.0,2.0,5.0,11.25,285.6364,70.9626,181.5,238.0,280.0,323.0,407.0,0.0003,0.0004,0.0,0.0001,0.0002,0.0005,0.0011,200
198,9705.4545,76.4477,9565.25,9666.0,9717.0,9759.0,9812.5,4.8182,6.5895,0.25,1.0,2.0,5.0,20.25,3.2727,3.1935,0.25,1.0,2.0,5.5,8.75,286.4545,71.3103,181.75,239.5,280.0,324.0,409.25,0.0003,0.0003,0.0,0.0001,0.0002,0.0006,0.0009,200
199,9705.1818,76.6572,9564.5,9665.5,9717.0,9759.0,9812.5,4.7273,6.6891,0.0,1.0,2.0,5.5,20.25,2.9091,2.5029,0.25,1.0,2.0,5.0,7.0,287.1818,71.8392,182.0,239.5,280.0,324.5,412.25,0.0003,0.0003,0.0,0.0001,0.0002,0.0005,0.0007,200
200,9705.0,76.7357,9563.75,9665.5,9717.0,9759.0,9812.25,4.4545,6.7199,0.0,0.5,2.0,5.5,20.0,3.2727,2.7333,1.0,1.0,2.0,6.0,7.75,287.2727,71.8307,182.0,239.5,281.0,324.5,412.25,0.0003,0.0003,0.0001,0.0001,0.0002,0.0006,0.0008,200
201,9704.5455,76.2619,9563.75,9665.0,9717.0,9759.0,9809.25,4.2727,6.1952,0.0,0.0,1.0,6.0,18.25,3.5455,3.3402,0.25,1.0,2.0,5.5,9.75,287.6364,71.5571,183.0,240.0,281.0,325.0,412.25,0.0004,0.0003,0.0,0.0001,0.0002,0.0006,0.001,200
202,9704.5455,76.2619,9563.75,9665.0,9717.0,9759.0,9809.25,3.5455,4.831,0.0,0.0,1.0,5.0,14.25,3.9091,4.358,0.25,1.0,2.0,4.5,13.25,288.0,71.4779,183.75,240.0,281.0,326.0,412.25,0.0004,0.0004,0.0,0.0001,0.0002,0.0004,0.0013,200
203,9704.2727,76.8246,9561.5,9665.0,9717.0,9759.0,9809.25,3.6364,5.5804,0.0,0.0,1.0,4.5,16.5,3.1818,3.3253,0.25,1.0,1.0,4.0,10.25,288.9091,72.7255,183.75,240.0,282.0,327.0,417.0,0.0003,0.0003,0.0,0.0001,0.0001,0.0004,0.001,200
204,9704.1818,77.0134,9560.75,9665.0,9717.0,9759.0,9809.25,3.0909,4.7569,0.0,0.0,1.0,4.0,14.0,3.4545,3.7746,0.25,1.0,1.0,4.0,11.0,289.2727,72.7712,184.5,240.0,282.0,327.5,417.75,0.0003,0.0004,0.0,0.0001,0.0001,0.0004,0.0011,200
205,9704.0,77.2411,9560.0,9664.5,9717.0,9759.0,9809.25,2.7273,4.0247,0.0,0.0,1.0,4.0,11.75,3.4545,4.3561,0.25,1.0,1.0,3.5,13.5,289.8182,72.8333,184.5,240.0,283.0,329.0,417.75,0.0003,0.0004,0.0,0.0001,0.0001,0.0004,0.0014,200
206,9702.4,81.1557,9556.75,9661.25,9708.5,9765.0,9808.95,3.1,4.4598,0.0,0.0,1.5,4.25,12.975,3.6,4.5211,0.225,1.0,1.5,3.5,13.65,290.9,76.2961,184.625,234.25,285.5,332.0,419.55,0.0004,0.0005,0.0,0.0001,0.0002,0.0004,0.0014,200
207,9697.2222,84.5127,9553.4,9658.0,9687.0,9771.0,9809.4,3.1111,4.2803,0.0,0.0,1.0,5.0,12.2,3.4444,5.0577,0.0,1.0,1.0,4.0,14.6,296.2222,79.3904,184.8,228.0,313.0,336.0,421.6,0.0003,0.0005,0.0,0.0001,0.0001,0.0004,0.0015,200
208,9698.125,90.0603,9549.95,9645.5,9700.5,9777.0,9809.85,3.5,4.8734,0.0,0.0,1.0,5.25,13.425,3.625,5.2663,0.0,0.75,1.5,4.0,14.725,294.75,84.0472,184.2,222.75,294.5,349.75,423.475,0.0004,0.0005,0.0,0.0001,0.0002,0.0004,0.0015,200
209,9687.0,92.545,9544.7,9634.0,9671.0,9762.0,9810.3,4.5714,5.9005,0.0,0.5,2.0,5.5,16.2,3.4286,5.2606,0.0,0.5,1.0,3.0,14.05,305.0,85.852,184.6,235.5,325.0,362.5,426.25,0.0003,0.0005,0.0,0.0,0.0001,0.0003,0.0014,200
210,9668.1667,88.1749,9541.0,9622.5,9663.5,9712.75,9802.25,5.8333,6.1486,0.25,2.5,4.5,5.0,17.25,3.3333,3.9441,1.0,1.0,1.5,2.75,10.875,322.6667,82.6129,191.75,281.5,331.0,375.25,431.75,0.0003,0.0004,0.0001,0.0001,0.0002,0.0003,0.0011,200
211,9667.8333,88.1711,9541.0,9622.5,9662.5,9712.25,9802.25,5.1667,5.8996,0.25,2.25,3.5,4.0,16.25,3.6667,3.448,1.0,1.25,2.5,3.75,10.125,323.3333,83.0916,191.75,282.0,332.0,375.25,433.5,0.0004,0.0003,0.0001,0.0001,0.0002,0.0004,0.001,200
212,9667.0,87.9905,9541.0,9621.5,9660.5,9712.25,9801.375,5.5,5.0249,0.375,3.25,4.0,5.5,14.75,3.5,4.0311,0.125,1.0,2.0,3.75,11.0,324.0,82.9357,192.75,283.0,332.5,375.25,434.375,0.0004,0.0004,0.0,0.0001,0.0002,0.0004,0.0011,200
213,9666.1667,87.834,9541.0,9620.5,9658.5,9712.25,9800.5,6.0,4.7958,0.5,4.0,4.0,7.75,14.25,3.1667,3.5316,0.0,0.25,2.0,4.5,9.375,324.6667,83.7728,192.75,283.0,332.5,376.0,437.125,0.0003,0.0004,0.0,0.0,0.0002,0.0004,0.0009,200
214,9677.2,92.3437,9542.8,9649.0,9668.0,9727.0,9802.6,6.4,3.9799,3.0,3.0,4.0,9.0,12.6,4.0,3.5214,0.1,1.0,4.0,5.0,9.5,312.4,86.7009,190.7,269.0,328.0,337.0,435.1,0.0004,0.0004,0.0,0.0001,0.0004,0.0005,0.001,200
215,9676.6,92.9981,9541.0,9649.0,9667.0,9727.0,9802.6,6.6,3.8262,3.1,4.0,4.0,9.0,12.6,4.0,3.8471,0.1,1.0,4.0,4.0,10.3,312.8,87.0664,190.7,269.0,328.0,338.0,436.1,0.0004,0.0004,0.0,0.0001,0.0004,0.0004,0.001,200
216,9676.6,92.9981,9541.0,9649.0,9667.0,9727.0,9802.6,5.2,2.7857,2.1,3.0,4.0,8.0,8.9,5.0,5.5498,1.1,2.0,3.0,3.0,14.7,313.2,86.8249,191.6,269.0,328.0,339.0,436.2,0.0005,0.0006,0.0001,0.0002,0.0003,0.0003,0.0015,200
217,9676.0,93.1021,9540.1,9649.0,9667.0,9725.0,9802.4,5.0,2.1909,2.2,4.0,4.0,7.0,7.9,4.8,5.1536,1.1,2.0,3.0,3.0,13.8,314.2,87.5132,192.5,269.0,328.0,340.0,439.0,0.0005,0.0005,0.0001,0.0002,0.0003,0.0003,0.0014,200
218,9675.2,93.1115,9539.2,9649.0,9667.0,9722.0,9802.1,5.2,1.9391,2.2,4.0,6.0,7.0,7.0,4.8,4.6648,1.2,3.0,3.0,3.0,12.9,314.8,88.1939,192.5,269.0,328.0,341.0,440.9,0.0005,0.0005,0.0001,0.0003,0.0003,0.0003,0.0013,200
219,9675.2,93.1115,9539.2,9649.0,9667.0,9722.0,9802.1,5.0,1.7889,2.2,4.0,6.0,6.0,6.9,4.6,4.7582,1.1,2.0,3.0,3.0,12.9,315.2,88.2098,193.4,269.0,328.0,341.0,441.8,0.0005,0.0005,0.0001,0.0002,0.0003,0.0003,0.0013,200
220,9674.8,92.9137,9539.2,9649.0,9667.0,9720.0,9801.9,5.0,2.6077,1.2,3.0,6.0,7.0,7.9,3.8,3.6551,1.1,2.0,2.0,3.0,10.2,316.4,88.9733,194.3,269.0,328.0,343.0,444.7,0.0004,0.0004,0.0001,0.0002,0.0002,0.0003,0.001,200
221,9674.4,93.5513,9537.4,9649.0,9667.0,9720.0,9801.9,5.0,3.0984,0.3,3.0,6.0,8.0,8.0,4.0,3.0332,2.0,2.0,3.0,3.0,9.3,316.6,89.2874,194.3,269.0,328.0,343.0,445.6,0.0004,0.0003,0.0002,0.0002,0.0003,0.0003,0.0009,200
222,9674.2,93.871,9536.5,9649.0,9667.0,9720.0,9801.9,4.8,3.4293,0.2,2.0,5.0,8.0,8.9,3.6,2.245,2.0,2.0,3.0,3.0,7.5,317.4,89.6518,195.2,269.0,329.0,343.0,447.4,0.0004,0.0002,0.0002,0.0002,0.0003,0.0003,0.0008,200
223,9674.0,93.7742,9536.5,9649.0,9667.0,9719.0,9801.8,4.4,3.4986,0.2,2.0,3.0,8.0,8.9,3.4,1.7436,2.0,2.0,2.0,5.0,5.9,318.2,90.4951,195.3,270.0,329.0,343.0,450.1,0.0003,0.0002,0.0002,0.0002,0.0002,0.0005,0.0006,200
224,9673.6,93.3865,9536.5,9649.0,9667.0,9718.0,9800.8,4.6,3.3823,1.1,2.0,3.0,7.0,9.7,2.6,1.2,1.1,2.0,2.0,4.0,4.0,319.2,91.3989,195.4,271.0,329.0,344.0,452.9,0.0003,0.0001,0.0001,0.0002,0.0002,0.0004,0.0004,200
225,9673.4,93.7072,9535.6,9649.0,9667.0,9718.0,9800.8,4.2,3.6551,1.0,1.0,2.0,7.0,9.7,2.6,1.6248,1.0,1.0,2.0,4.0,4.9,319.8,91.4842,196.3,271.0,329.0,345.0,453.9,0.0003,0.0002,0.0001,0.0001,0.0002,0.0004,0.0005,200
226,9673.0,93.8147,9535.4,9647.0,9667.0,9718.0,9800.8,3.6,2.8705,1.1,2.0,2.0,4.0,8.5,3.2,2.1354,1.1,2.0,2.0,4.0,6.7,320.2,91.5978,196.3,271.0,329.0,347.0,454.1,0.0003,0.0002,0.0001,0.0002,0.0002,0.0004,0.0007,200
227,9673.0,93.8147,9535.4,9647.0,9667.0,9718.0,9800.8,3.2,2.4819,1.1,2.0,2.0,3.0,7.5,2.8,1.9391,1.0,1.0,2.0,4.0,5.8,321.0,92.1477,196.4,272.0,330.0,347.0,455.9,0.0003,0.0002,0.0001,0.0001,0.0002,0.0004,0.0006,200
228,9673.0,93.8147,9535.4,9647.0,9667.0,9718.0,9800.8,3.0,2.0976,1.1,2.0,2.0,3.0,6.6,2.4,1.3565,1.0,1.0,2.0,4.0,4.0,321.6,92.6814,196.5,273.0,330.0,347.0,457.7,0.0002,0.0001,0.0001,0.0001,0.0002,0.0004,0.0004,200
229,9673.0,93.8147,9535.4,9647.0,9667.0,9718.0,9800.8,2.6,1.8547,1.0,1.0,2.0,3.0,5.7,2.4,1.0198,1.1,2.0,2.0,3.0,3.9,322.0,92.7944,196.5,273.0,330.0,349.0,457.9,0.0002,0.0001,0.0001,0.0002,0.0002,0.0003,0.0004,200
230,9672.4,93.5342,9535.4,9647.0,9667.0,9715.0,9800.5,3.0,3.1623,0.1,1.0,2.0,3.0,8.4,2.4,0.4899,2.0,2.0,2.0,3.0,3.0,322.2,93.1137,196.5,273.0,330.0,349.0,458.8,0.0002,0.0,0.0002,0.0002,0.0002,0.0003,0.0003,200
231,9672.4,93.5342,9535.4,9647.0,9667.0,9715.0,9800.5,2.6,2.4166,0.1,1.0,2.0,3.0,6.6,2.2,1.4697,1.0,1.0,2.0,2.0,4.7,322.8,93.1631,197.4,273.0,331.0,349.0,459.7,0.0002,0.0001,0.0001,0.0001,0.0002,0.0002,0.0005,200
232,9672.4,93.5342,9535.4,9647.0,9667.0,9715.0,9800.5,2.2,2.1354,0.1,1.0,1.0,3.0,5.7,2.4,1.8547,1.0,1.0,2.0,2.0,5.6,323.0,93.2202,197.4,273.0,331.0,350.0,459.8,0.0002,0.0002,0.0001,0.0001,0.0002,0.0002,0.0006,200
233,9672.4,93.5342,9535.4,9647.0,9667.0,9715.0,9800.5,2.2,2.1354,0.1,1.0,1.0,3.0,5.7,2.0,1.5492,1.0,1.0,1.0,2.0,4.7,323.4,93.4336,197.5,274.0,331.0,350.0,460.7,0.0002,0.0002,0.0001,0.0001,0.0001,0.0002,0.0005,200
234,9672.4,93.5342,9535.4,9647.0,9667.0,9715.0,9800.5,1.8,1.7205,0.1,1.0,1.0,2.0,4.7,2.0,1.6733,0.1,1.0,2.0,2.0,4.7,323.8,93.3454,197.6,275.0,332.0,350.0,460.7,0.0002,0.0002,0.0,0.0001,0.0002,0.0002,0.0005,200
235,9672.2,93.4439,9535.4,9647.0,9667.0,9714.0,9800.4,1.8,2.2271,0.0,0.0,1.0,2.0,5.6,2.0,1.0954,1.0,1.0,2.0,2.0,3.8,324.0,93.2416,197.7,276.0,332.0,350.0,460.7,0.0002,0.0001,0.0001,0.0001,0.0002,0.0002,0.0004,200
236,9672.0,93.3552,9535.4,9647.0,9667.0,9713.0,9800.3,1.8,2.6382,0.0,0.0,1.0,1.0,6.4,1.6,0.8,1.0,1.0,1.0,2.0,2.9,324.6,93.5149,197.8,277.0,332.0,351.0,461.7,0.0002,0.0001,0.0001,0.0001,0.0001,0.0002,0.0003,200
237,9672.0,93.3552,9535.4,9647.0,9667.0,9713.0,9800.3,1.6,2.7276,0.0,0.0,0.0,1.0,6.4,1.6,0.8,1.0,1.0,1.0,2.0,2.9,324.8,93.4139,197.9,278.0,332.0,351.0,461.7,0.0002,0.0001,0.0001,0.0001,0.0001,0.0002,0.0003,200
238,9672.0,93.3552,9535.4,9647.0,9667.0,9713.0,9800.3,1.2,1.9391,0.0,0.0,0.0,1.0,4.6,2.0,1.2649,1.0,1.0,1.0,3.0,3.9,324.8,93.4139,197.9,278.0,332.0,351.0,461.7,0.0002,0.0001,0.0001,0.0001,0.0001,0.0003,0.0004,200
239,9671.8,93.6748,9534.5,9647.0,9667.0,9713.0,9800.3,0.8,1.1662,0.0,0.0,0.0,1.0,2.8,2.4,1.8547,1.0,1.0,2.0,2.0,5.6,325.0,93.7337,197.9,278.0,332.0,351.0,462.6,0.0002,0.0002,0.0001,0.0001,0.0002,0.0002,0.0006,200
240,9671.6,93.5876,9534.5,9647.0,9667.0,9712.0,9800.2,1.0,1.5492,0.0,0.0,0.0,1.0,3.7,1.6,1.3565,0.1,1.0,1.0,2.0,3.8,325.8,93.5658,199.0,280.0,332.0,351.0,463.5,0.0002,0.0001,0.0,0.0001,0.0001,0.0002,0.0004,200
241,9637.0,70.445,9531.375,9615.75,9657.0,9678.25,9708.625,1.25,1.6394,0.0,0.0,0.5,1.75,3.775,2.0,1.2247,1.0,1.0,1.5,2.5,3.85,359.75,71.9735,283.9,319.0,341.5,382.25,466.625,0.0002,0.0001,0.0001,0.0001,0.0002,0.0002,0.0004,200
242,9637.0,70.445,9531.375,9615.75,9657.0,9678.25,9708.625,1.25,1.6394,0.0,0.0,0.5,1.75,3.775,1.5,1.118,0.075,0.75,1.5,2.25,2.925,360.25,72.1019,284.825,319.25,341.5,382.5,467.55,0.0002,0.0001,0.0,0.0001,0.0002,0.0002,0.0003,200
243,9637.0,70.445,9531.375,9615.75,9657.0,9678.25,9708.625,1.25,1.6394,0.0,0.0,0.5,1.75,3.775,1.25,1.299,0.0,0.0,1.0,2.25,2.925,360.5,72.0052,284.9,320.0,342.0,382.5,467.55,0.0001,0.0001,0.0,0.0,0.0001,0.0002,0.0003,200
244,9627.0,78.8458,9528.25,9584.5,9647.0,9679.5,9708.75,1.3333,1.2472,0.05,0.5,1.0,2.0,2.9,1.6667,1.2472,0.1,1.0,2.0,2.5,2.95,370.0,80.7341,285.45,316.5,351.0,414.0,470.7,0.0002,0.0001,0.0,0.0001,0.0002,0.0002,0.0003,200
245,9627.0,78.8458,9528.25,9584.5,9647.0,9679.5,9708.75,1.0,0.8165,0.05,0.5,1.0,1.5,1.95,1.6667,1.2472,0.1,1.0,2.0,2.5,2.95,370.3333,80.3714,286.4,317.0,351.0,414.0,470.7,0.0002,0.0001,0.0,0.0001,0.0002,0.0002,0.0003,200
246,9627.0,78.8458,9528.25,9584.5,9647.0,9679.5,9708.75,1.0,0.8165,0.05,0.5,1.0,1.5,1.95,1.3333,1.2472,0.05,0.5,1.0,2.0,2.9,370.6667,80.2925,286.45,317.5,352.0,414.5,470.75,0.0001,0.0001,0.0,0.0,0.0001,0.0002,0.0003,200
247,9626.3333,78.4021,9528.2,9584.0,9646.0,9678.5,9707.75,1.6667,0.9428,1.0,1.0,1.0,2.0,2.9,1.0,1.4142,0.0,0.0,0.0,1.5,2.85,371.0,80.2164,286.5,318.0,353.0,415.0,470.8,0.0001,0.0001,0.0,0.0,0.0,0.0001,0.0003,200
248,9626.3333,78.4021,9528.2,9584.0,9646.0,9678.5,9707.75,1.6667,0.9428,1.0,1.0,1.0,2.0,2.9,1.0,1.4142,0.0,0.0,0.0,1.5,2.85,371.0,80.2164,286.5,318.0,353.0,415.0,470.8,0.0001,0.0001,0.0,0.0,0.0,0.0001,0.0003,200
249,9626.3333,78.4021,9528.2,9584.0,9646.0,9678.5,9707.75,1.6667,0.9428,1.0,1.0,1.0,2.0,2.9,1.0,1.4142,0.0,0.0,0.0,1.5,2.85,371.0,80.2164,286.5,318.0,353.0,415.0,470.8,0.0001,0.0001,0.0,0.0,0.0,0.0001,0.0003,200
250,9626.3333,78.4021,9528.2,9584.0,9646.0,9678.5,9707.75,1.6667,0.9428,1.0,1.0,1.0,2.0,2.9,1.0,1.4142,0.0,0.0,0.0,1.5,2.85,371.0,80.2164,286.5,318.0,353.0,415.0,470.8,0.0001,0.0001,0.0,0.0,0.0,0.0001,0.0003,200
251,9626.3333,78.4021,9528.2,9584.0,9646.0,9678.5,9707.75,1.3333,0.4714,1.0,1.0,1.0,1.5,1.95,1.0,1.4142,0.0,0.0,0.0,1.5,2.85,371.3333,79.8513,287.45,318.5,353.0,415.0,470.8,0.0001,0.0001,0.0,0.0,0.0,0.0001,0.0003,200
252,9626.3333,78.4021,9528.2,9584.0,9646.0,9678.5,9707.75,1.3333,0.4714,1.0,1.0,1.0,1.5,1.95,1.0,1.4142,0.0,0.0,0.0,1.5,2.85,371.3333,79.8513,287.45,318.5,353.0,415.0,470.8,0.0001,0.0001,0.0,0.0,0.0,0.0001,0.0003,200
253,9626.3333,78.4021,9528.2,9584.0,9646.0,9678.5,9707.75,1.3333,0.4714,1.0,1.0,1.0,1.5,1.95,0.6667,0.9428,0.0,0.0,0.0,1.0,1.9,371.6667,79.4872,288.4,319.0,353.0,415.0,470.8,0.0001,0.0001,0.0,0.0,0.0,0.0001,0.0002,200
254,9626.3333,78.4021,9528.2,9584.0,9646.0,9678.5,9707.75,1.3333,0.4714,1.0,1.0,1.0,1.5,1.95,0.6667,0.9428,0.0,0.0,0.0,1.0,1.9,371.6667,79.4872,288.4,319.0,353.0,415.0,470.8,0.0001,0.0001,0.0,0.0,0.0,0.0001,0.0002,200
255,9626.3333,78.4021,9528.2,9584.0,9646.0,9678.5,9707.75,1.3333,0.4714,1.0,1.0,1.0,1.5,1.95,0.3333,0.4714,0.0,0.0,0.0,0.5,0.95,372.0,79.1244,289.35,319.5,353.0,415.0,470.8,0.0,0.0,0.0,0.0,0.0,0.0,0.0001,200
256,9626.3333,78.4021,9528.2,9584.0,9646.0,9678.5,9707.75,1.0,0.0,1.0,1.0,1.0,1.0,1.0,0.6667,0.9428,0.0,0.0,0.0,1.0,1.9,372.0,79.1244,289.35,319.5,353.0,415.0,470.8,0.0001,0.0001,0.0,0.0,0.0,0.0001,0.0002,200
257,9626.3333,78.4021,9528.2,9584.0,9646.0,9678.5,9707.75,1.0,0.0,1.0,1.0,1.0,1.0,1.0,0.6667,0.9428,0.0,0.0,0.0,1.0,1.9,372.0,79.1244,289.35,319.5,353.0,415.0,470.8,0.0001,0.0001,0.0,0.0,0.0,0.0001,0.0002,200
258,9626.3333,78.4021,9528.2,9584.0,9646.0,9678.5,9707.75,1.0,0.0,1.0,1.0,1.0,1.0,1.0,0.3333,0.4714,0.0,0.0,0.0,0.5,0.95,372.3333,78.7627,290.3,320.0,353.0,415.0,470.8,0.0,0.0,0.0,0.0,0.0,0.0,0.0001,200
259,9626.3333,78.4021,9528.2,9584.0,9646.0,9678.5,9707.75,1.0,0.0,1.0,1.0,1.0,1.0,1.0,0.3333,0.4714,0.0,0.0,0.0,0.5,0.95,372.3333,78.7627,290.3,320.0,353.0,415.0,470.8,0.0,0.0,0.0,0.0,0.0,0.0,0.0001,200
260,9626.3333,78.4021,9528.2,9584.0,9646.0,9678.5,9707.75,0.6667,0.4714,0.05,0.5,1.0,1.0,1.0,0.6667,0.4714,0.05,0.5,1.0,1.0,1.0,372.3333,78.7627,290.3,320.0,353.0,415.0,470.8,0.0001,0.0,0.0,0.0,0.0001,0.0001,0.0001,200
261,9626.3333,78.4021,9528.2,9584.0,9646.0,9678.5,9707.75,0.6667,0.4714,0.05,0.5,1.0,1.0,1.0,0.6667,0.4714,0.05,0.5,1.0,1.0,1.0,372.3333,78.7627,290.3,320.0,353.0,415.0,470.8,0.0001,0.0,0.0,0.0,0.0001,0.0001,0.0001,200
262,9626.3333,78.4021,9528.2,9584.0,9646.0,9678.5,9707.75,0.0,0.0,0.0,0.0,0.0,0.0,0.0,1.3333,0.4714,1.0,1.0,1.0,1.5,1.95,372.3333,78.7627,290.3,320.0,353.0,415.0,470.8,0.0001,0.0,0.0001,0.0001,0.0001,0.0002,0.0002,200
263,9626.3333,78.4021,9528.2,9584.0,9646.0,9678.5,9707.75,0.0,0.0,0.0,0.0,0.0,0.0,0.0,1.3333,0.4714,1.0,1.0,1.0,1.5,1.95,372.3333,78.7627,290.3,320.0,353.0,415.0,470.8,0.0001,0.0,0.0001,0.0001,0.0001,0.0002,0.0002,200
264,9626.3333,78.4021,9528.2,9584.0,9646.0,9678.5,9707.75,0.0,0.0,0.0,0.0,0.0,0.0,0.0,1.0,0.0,1.0,1.0,1.0,1.0,1.0,372.6667,78.4021,291.25,320.5,353.0,415.0,470.8,0.0001,0.0,0.0001,0.0001,0.0001,0.0001,0.0001,200
265,9626.3333,78.4021,9528.2,9584.0,9646.0,9678.5,9707.75,0.0,0.0,0.0,0.0,0.0,0.0,0.0,0.6667,0.4714,0.05,0.5,1.0,1.0,1.0,373.0,78.3199,291.3,321.0,354.0,415.5,470.85,0.0001,0.0,0.0,0.0,0.0001,0.0001,0.0001,200
266,9616.5,94.5,9526.725,9569.25,9616.5,9663.75,9706.275,0.0,0.0,0.0,0.0,0.0,0.0,0.0,1.0,0.0,1.0,1.0,1.0,1.0,1.0,382.5,94.5,292.725,335.25,382.5,429.75,472.275,0.0001,0.0,0.0001,0.0001,0.0001,0.0001,0.0001,200
267,9616.5,94.5,9526.725,9569.25,9616.5,9663.75,9706.275,0.0,0.0,0.0,0.0,0.0,0.0,0.0,1.0,0.0,1.0,1.0,1.0,1.0,1.0,382.5,94.5,292.725,335.25,382.5,429.75,472.275,0.0001,0.0,0.0001,0.0001,0.0001,0.0001,0.0001,200
268,9616.5,94.5,9526.725,9569.25,9616.5,9663.75,9706.275,0.0,0.0,0.0,0.0,0.0,0.0,0.0,1.0,0.0,1.0,1.0,1.0,1.0,1.0,382.5,94.5,292.725,335.25,382.5,429.75,472.275,0.0001,0.0,0.0001,0.0001,0.0001,0.0001,0.0001,200
269,9616.5,94.5,9526.725,9569.25,9616.5,9663.75,9706.275,0.0,0.0,0.0,0.0,0.0,0.0,0.0,1.0,0.0,1.0,1.0,1.0,1.0,1.0,382.5,94.5,292.725,335.25,382.5,429.75,472.275,0.0001,0.0,0.0001,0.0001,0.0001,0.0001,0.0001,200
270,9616.5,94.5,9526.725,9569.25,9616.5,9663.75,9706.275,0.0,0.0,0.0,0.0,0.0,0.0,0.0,0.5,0.5,0.025,0.25,0.5,0.75,0.975,383.0,94.0,293.7,336.0,383.0,430.0,472.3,0.0,0.0,0.0,0.0,0.0,0.0001,0.0001,200
271,9522.0,0.0,9522.0,9522.0,9522.0,9522.0,9522.0,0.0,0.0,0.0,0.0,0.0,0.0,0.0,1.0,0.0,1.0,1.0,1.0,1.0,1.0,477.0,0.0,477.0,477.0,477.0,477.0,477.0,0.0001,0.0,0.0001,0.0001,0.0001,0.0001,0.0001,200
272,9522.0,0.0,9522.0,9522.0,9522.0,9522.0,9522.0,0.0,0.0,0.0,0.0,0.0,0.0,0.0,1.0,0.0,1.0,1.0,1.0,1.0,1.0,477.0,0.0,477.0,477.0,477.0,477.0,477.0,0.0001,0.0,0.0001,0.0001,0.0001,0.0001,0.0001,200
273,9522.0,0.0,9522.0,9522.0,9522.0,9522.0,9522.0,0.0,0.0,0.0,0.0,0.0,0.0,0.0,0.0,0.0,0.0,0.0,0.0,0.0,0.0,478.0,0.0,478.0,478.0,478.0,478.0,478.0,0.0,0.0,0.0,0.0,0.0,0.0,0.0,200
