disease,scenario,replication,cumulative_attack_rate,peak_incidence,peak_timing,epidemic_duration,hospital_days,total_infections,R_eff_final
measles,baseline,0,0.5789,752.0,64.0,295.0,7640.1,5789.0,6.3165
measles,baseline,1,0.5932,864.0,52.0,334.0,7868.796,5932.0,6.102
measles,baseline,2,0.5799,755.0,60.0,305.0,7764.588000000001,5799.0,6.3015
measles,baseline,3,0.5563,781.0,58.0,269.0,7310.16,5563.0,6.6555
measles,baseline,4,0.5879,696.0,66.0,346.0,7799.687999999999,5879.0,6.1815
measles,baseline,5,0.5782,817.0,56.0,268.0,7626.996,5782.0,6.327
measles,baseline,6,0.582,841.0,59.0,239.0,7718.099999999999,5820.0,6.27
measles,baseline,7,0.5649,749.0,64.0,264.0,7534.643999999999,5649.0,6.5265
measles,baseline,8,0.5647,771.0,59.0,314.0,7472.4,5647.0,6.5295
measles,baseline,9,0.5899,834.0,62.0,285.0,7801.404,5899.0,6.1515
measles,baseline,10,0.5754,772.0,61.0,259.0,7554.611999999999,5754.0,6.369
measles,baseline,11,0.5774,733.0,76.0,353.0,7674.108,5774.0,6.339
measles,baseline,12,0.5667,780.0,59.0,277.0,7589.088,5667.0,6.4995
measles,baseline,13,0.5962,784.0,67.0,337.0,7938.216,5962.0,6.057
measles,baseline,14,0.5843,765.0,61.0,364.0,7667.088000000001,5843.0,6.231
measles,baseline,15,0.5685,772.0,58.0,305.0,7548.684,5685.0,6.4725
measles,baseline,16,0.5875,781.0,59.0,351.0,7876.752,5875.0,6.1875
measles,baseline,17,0.5761,743.0,59.0,364.0,7708.896,5761.0,6.357
measles,baseline,18,0.5872,755.0,62.0,340.0,7800.156000000001,5872.0,6.192
measles,baseline,19,0.5691,716.0,52.0,303.0,7592.988,5691.0,6.4635
measles,baseline,20,0.5688,816.0,58.0,340.0,7453.992,5688.0,6.468
measles,baseline,21,0.5841,784.0,67.0,328.0,7788.924,5841.0,6.2385
measles,baseline,22,0.5772,798.0,62.0,311.0,7686.9,5772.0,6.342
measles,baseline,23,0.5816,770.0,62.0,325.0,7785.179999999999,5816.0,6.276
measles,baseline,24,0.5942,790.0,56.0,268.0,7868.484,5942.0,6.087
measles,baseline,25,0.5653,769.0,62.0,303.0,7364.76,5653.0,6.5205
measles,baseline,26,0.5808,785.0,59.0,299.0,7710.144000000001,5808.0,6.288
measles,baseline,27,0.5687,730.0,64.0,348.0,7544.003999999999,5687.0,6.4695
measles,baseline,28,0.6064,793.0,59.0,307.0,8095.152,6064.0,5.904
measles,baseline,29,0.5776,741.0,62.0,350.0,7638.696,5776.0,6.336
measles,baseline,30,0.5623,746.0,61.0,330.0,7463.976,5623.0,6.5655
measles,baseline,31,0.5806,809.0,54.0,287.0,7743.527999999999,5806.0,6.291
measles,baseline,32,0.5862,776.0,62.0,319.0,7797.192,5862.0,6.207
measles,baseline,33,0.5749,709.0,64.0,317.0,7581.1320000000005,5749.0,6.3765
measles,baseline,34,0.5683,780.0,58.0,302.0,7645.872,5683.0,6.4755
measles,baseline,35,0.5763,747.0,72.0,287.0,7558.668,5763.0,6.3555
measles,baseline,36,0.5637,716.0,63.0,299.0,7440.732,5637.0,6.5445
measles,baseline,37,0.5942,791.0,57.0,262.0,7881.744,5942.0,6.087
measles,baseline,38,0.5789,812.0,56.0,276.0,7672.548000000001,5789.0,6.3165
measles,baseline,39,0.5955,740.0,65.0,364.0,7952.256,5955.0,6.06
measles,baseline,40,0.5872,846.0,52.0,264.0,7879.092000000001,5872.0,6.192
measles,baseline,41,0.5793,732.0,59.0,329.0,7719.504000000001,5793.0,6.3105
measles,baseline,42,0.5801,749.0,56.0,355.0,7685.34,5801.0,6.2985
measles,baseline,43,0.5791,749.0,58.0,337.0,7648.836,5791.0,6.3135
measles,baseline,44,0.5989,794.0,55.0,310.0,7929.4800000000005,5989.0,6.0165
measles,baseline,45,0.5723,772.0,58.0,313.0,7600.476,5723.0,6.4155
measles,baseline,46,0.563,740.0,57.0,297.0,7372.871999999999,5630.0,6.555
measles,baseline,47,0.5887,748.0,61.0,336.0,7758.972,5887.0,6.1695
measles,baseline,48,0.5857,835.0,61.0,316.0,7823.244000000001,5857.0,6.2145
measles,baseline,49,0.5845,773.0,58.0,294.0,7701.407999999999,5845.0,6.2325
measles,baseline,50,0.5786,726.0,61.0,282.0,7625.592000000001,5786.0,6.321
measles,baseline,51,0.5827,737.0,57.0,251.0,7712.795999999999,5827.0,6.2595
measles,baseline,52,0.5881,748.0,62.0,267.0,7748.676000000001,5881.0,6.1785
measles,baseline,53,0.5741,755.0,61.0,284.0,7716.228,5741.0,6.3885
measles,baseline,54,0.5694,769.0,52.0,332.0,7530.432000000001,5694.0,6.459
measles,baseline,55,0.577,719.0,65.0,360.0,7681.908,5770.0,6.345
measles,baseline,56,0.5743,710.0,55.0,287.0,7648.3679999999995,5743.0,6.3855
measles,baseline,57,0.5863,811.0,57.0,362.0,7853.352,5863.0,6.2055
measles,baseline,58,0.5818,796.0,61.0,281.0,7668.648,5818.0,6.273
measles,baseline,59,0.5884,820.0,58.0,311.0,7771.919999999999,5884.0,6.174
measles,baseline,60,0.5759,786.0,55.0,286.0,7726.835999999998,5759.0,6.3615
measles,baseline,61,0.5493,786.0,57.0,294.0,7289.88,5493.0,6.7605
measles,baseline,62,0.599,799.0,59.0,345.0,7989.227999999999,5990.0,6.015
measles,baseline,63,0.5859,765.0,59.0,364.0,7786.740000000001,5859.0,6.204
measles,baseline,64,0.5801,772.0,59.0,289.0,7753.98,5801.0,6.2985
measles,baseline,65,0.5791,798.0,56.0,284.0,7717.632,5791.0,6.3135
measles,baseline,66,0.5738,766.0,65.0,364.0,7557.108,5738.0,6.3915
measles,baseline,67,0.5963,755.0,59.0,286.0,7928.231999999999,5963.0,6.0555
measles,baseline,68,0.5752,774.0,60.0,364.0,7578.168,5752.0,6.3705
measles,baseline,69,0.575,687.0,62.0,290.0,7606.248,5750.0,6.375
measles,baseline,70,0.5867,788.0,63.0,279.0,7834.944,5867.0,6.1995
measles,baseline,71,0.5975,825.0,56.0,259.0,8022.767999999999,5975.0,6.0375
measles,baseline,72,0.5765,793.0,57.0,318.0,7630.74,5765.0,6.3525
measles,baseline,73,0.5745,763.0,61.0,364.0,7646.651999999999,5745.0,6.381
measles,baseline,74,0.586,792.0,53.0,268.0,7711.704000000001,5860.0,6.21
measles,baseline,75,0.5758,825.0,55.0,256.0,7632.612,5758.0,6.363
measles,baseline,76,0.5745,736.0,66.0,316.0,7642.907999999999,5745.0,6.3825
measles,baseline,77,0.5849,798.0,61.0,283.0,7780.031999999999,5849.0,6.2265
measles,baseline,78,0.5809,760.0,59.0,364.0,7706.243999999999,5809.0,6.276
measles,baseline,79,0.5875,760.0,62.0,264.0,7776.599999999999,5875.0,6.1875
measles,baseline,80,0.599,819.0,56.0,342.0,8002.332,5990.0,6.015
measles,baseline,81,0.5697,785.0,55.0,280.0,7554.768,5697.0,6.4545
measles,baseline,82,0.5839,794.0,65.0,361.0,7685.964,5839.0,6.2415
measles,baseline,83,0.58,841.0,55.0,269.0,7683.0,5800.0,6.3
measles,baseline,84,0.5926,784.0,62.0,298.0,7895.316000000001,5926.0,6.111
measles,baseline,85,0.5834,758.0,64.0,291.0,7693.14,5834.0,6.249
measles,baseline,86,0.5809,800.0,57.0,364.0,7762.248,5809.0,6.285
measles,baseline,87,0.5654,719.0,58.0,290.0,7480.200000000001,5654.0,6.519
measles,baseline,88,0.5717,784.0,58.0,358.0,7608.276,5717.0,6.4245
measles,baseline,89,0.5895,786.0,63.0,361.0,7882.836,5895.0,6.1575
measles,baseline,90,0.5737,759.0,60.0,325.0,7642.908,5737.0,6.3945
measles,baseline,91,0.5854,867.0,59.0,294.0,7767.708,5854.0,6.219
measles,baseline,92,0.5875,761.0,62.0,346.0,7770.8279999999995,5875.0,6.1875
measles,baseline,93,0.5806,722.0,59.0,313.0,7670.364,5806.0,6.291
measles,baseline,94,0.5803,776.0,54.0,293.0,7616.856000000001,5803.0,6.2955
measles,baseline,95,0.5851,810.0,59.0,264.0,7736.82,5851.0,6.2235
measles,baseline,96,0.5889,784.0,61.0,342.0,7763.184,5889.0,6.1665
measles,baseline,97,0.5746,723.0,58.0,364.0,7544.628,5746.0,6.369
measles,baseline,98,0.582,765.0,62.0,263.0,7687.523999999999,5820.0,6.27
measles,baseline,99,0.5786,772.0,59.0,329.0,7694.232000000001,5786.0,6.321
measles,baseline,100,0.5677,726.0,61.0,288.0,7461.7919999999995,5677.0,6.4845
measles,baseline,101,0.5909,793.0,63.0,304.0,7864.584,5909.0,6.1365
measles,baseline,102,0.5658,713.0,58.0,341.0,7446.503999999999,5658.0,6.513
measles,baseline,103,0.5687,711.0,62.0,260.0,7488.624000000001,5687.0,6.4695
measles,baseline,104,0.5874,828.0,57.0,337.0,7758.66,5874.0,6.189
measles,baseline,105,0.5676,770.0,61.0,360.0,7531.212,5676.0,6.486
measles,baseline,106,0.5721,765.0,67.0,346.0,7600.944,5721.0,6.4185
measles,baseline,107,0.5917,725.0,58.0,329.0,7807.175999999999,5917.0,6.1245
measles,baseline,108,0.585,775.0,58.0,321.0,7816.068,5850.0,6.225
measles,baseline,109,0.593,827.0,55.0,306.0,7952.723999999999,5930.0,6.105
measles,baseline,110,0.5846,762.0,62.0,307.0,7788.456,5846.0,6.231
measles,baseline,111,0.5775,731.0,57.0,307.0,7660.536,5775.0,6.3375
measles,baseline,112,0.576,743.0,53.0,277.0,7637.916,5760.0,6.36
measles,baseline,113,0.566,765.0,58.0,332.0,7446.66,5660.0,6.51
measles,baseline,114,0.5939,857.0,55.0,364.0,7947.107999999999,5939.0,6.09
measles,baseline,115,0.5856,739.0,63.0,342.0,7806.084,5856.0,6.216
measles,baseline,116,0.5771,789.0,54.0,252.0,7657.728,5771.0,6.3435
measles,baseline,117,0.5713,803.0,53.0,300.0,7482.071999999999,5713.0,6.4305
measles,baseline,118,0.5782,776.0,64.0,349.0,7638.228,5782.0,6.327
measles,baseline,119,0.5724,742.0,59.0,301.0,7618.728,5724.0,6.414
measles,baseline,120,0.5707,752.0,62.0,364.0,7553.364,5707.0,6.4365
measles,baseline,121,0.5603,717.0,57.0,360.0,7416.552000000001,5603.0,6.5955
measles,baseline,122,0.5769,739.0,63.0,364.0,7594.548,5769.0,6.342
measles,baseline,123,0.5675,723.0,58.0,305.0,7522.6320000000005,5675.0,6.4875
measles,baseline,124,0.5673,753.0,58.0,319.0,7441.668000000001,5673.0,6.4905
measles,baseline,125,0.5842,767.0,55.0,364.0,7797.348,5842.0,6.2355
measles,baseline,126,0.5892,828.0,56.0,261.0,7829.4839999999995,5892.0,6.162
measles,baseline,127,0.5825,817.0,53.0,341.0,7681.128000000001,5825.0,6.2625
measles,baseline,128,0.5925,791.0,66.0,303.0,7873.164000000001,5925.0,6.1125
measles,baseline,129,0.5728,783.0,68.0,364.0,7554.612,5728.0,6.4065
measles,baseline,130,0.5731,721.0,61.0,300.0,7593.924,5731.0,6.4035
measles,baseline,131,0.5888,759.0,69.0,309.0,7787.6759999999995,5888.0,6.168
measles,baseline,132,0.5915,833.0,62.0,259.0,7865.052,5915.0,6.1275
measles,baseline,133,0.568,742.0,59.0,360.0,7522.788,5680.0,6.48
measles,baseline,134,0.5964,815.0,63.0,337.0,7949.916,5964.0,6.054
measles,baseline,135,0.5801,802.0,60.0,364.0,7717.944,5801.0,6.291
measles,baseline,136,0.5854,785.0,61.0,287.0,7772.700000000001,5854.0,6.219
measles,baseline,137,0.5901,790.0,61.0,347.0,7855.067999999999,5901.0,6.1485
measles,baseline,138,0.6032,777.0,59.0,364.0,7943.676,6032.0,5.9475
measles,baseline,139,0.5726,746.0,58.0,315.0,7602.972,5726.0,6.411
measles,baseline,140,0.5873,730.0,61.0,351.0,7748.208,5873.0,6.1905
measles,baseline,141,0.5812,785.0,60.0,239.0,7677.384000000001,5812.0,6.282
measles,baseline,142,0.5715,756.0,63.0,347.0,7535.424,5715.0,6.4275
measles,baseline,143,0.5941,753.0,62.0,322.0,7891.103999999999,5941.0,6.0885
measles,baseline,144,0.5792,806.0,60.0,270.0,7642.44,5792.0,6.312
measles,baseline,145,0.5856,823.0,60.0,348.0,7798.752,5856.0,6.216
measles,baseline,146,0.5474,741.0,66.0,258.0,7277.088,5474.0,6.789
measles,baseline,147,0.5845,813.0,59.0,304.0,7742.7480000000005,5845.0,6.2325
measles,baseline,148,0.5745,774.0,58.0,272.0,7542.912,5745.0,6.3825
measles,baseline,149,0.5899,805.0,63.0,300.0,7792.2,5899.0,6.1515
measles,baseline,150,0.587,827.0,58.0,291.0,7713.107999999999,5870.0,6.195
measles,baseline,151,0.5918,810.0,60.0,269.0,7930.728,5918.0,6.123
measles,baseline,152,0.5767,814.0,64.0,356.0,7670.8319999999985,5767.0,6.3495
measles,baseline,153,0.578,799.0,59.0,304.0,7653.048000000001,5780.0,6.33
measles,baseline,154,0.5591,781.0,60.0,320.0,7419.672,5591.0,6.6135
measles,baseline,155,0.5669,725.0,53.0,364.0,7469.436,5669.0,6.492
measles,baseline,156,0.572,810.0,69.0,327.0,7634.4839999999995,5720.0,6.42
measles,baseline,157,0.5775,706.0,62.0,289.0,7583.784,5775.0,6.3375
measles,baseline,158,0.5969,779.0,62.0,305.0,7879.56,5969.0,6.0465
measles,baseline,159,0.5848,725.0,61.0,296.0,7730.736,5848.0,6.228
measles,baseline,160,0.5838,836.0,59.0,303.0,7755.072000000001,5838.0,6.243
measles,baseline,161,0.5792,810.0,60.0,327.0,7721.219999999999,5792.0,6.312
measles,baseline,162,0.5626,763.0,59.0,287.0,7470.84,5626.0,6.561
measles,baseline,163,0.5784,815.0,57.0,303.0,7628.712,5784.0,6.324
measles,baseline,164,0.5676,770.0,55.0,306.0,7553.831999999999,5676.0,6.486
measles,baseline,165,0.5774,812.0,56.0,346.0,7665.996,5774.0,6.339
measles,baseline,166,0.5568,788.0,53.0,270.0,7453.68,5568.0,6.648
measles,baseline,167,0.566,783.0,58.0,300.0,7489.092000000001,5660.0,6.51
measles,baseline,168,0.5848,717.0,64.0,275.0,7826.052000000001,5848.0,6.228
measles,baseline,169,0.594,781.0,55.0,251.0,7888.92,5940.0,6.09
measles,baseline,170,0.5658,815.0,60.0,306.0,7608.588,5658.0,6.513
measles,baseline,171,0.5577,752.0,65.0,364.0,7419.204,5577.0,6.633
measles,baseline,172,0.5802,742.0,59.0,252.0,7743.84,5802.0,6.297
measles,baseline,173,0.5738,769.0,64.0,266.0,7641.347999999999,5738.0,6.393
measles,baseline,174,0.5625,733.0,59.0,280.0,7378.8,5625.0,6.5625
measles,baseline,175,0.5865,831.0,55.0,348.0,7753.98,5865.0,6.2025
measles,baseline,176,0.5575,681.0,63.0,302.0,7356.804,5575.0,6.6375
measles,baseline,177,0.5853,770.0,59.0,331.0,7681.4400000000005,5853.0,6.2205
measles,baseline,178,0.5828,755.0,59.0,364.0,7744.307999999999,5828.0,6.2565
measles,baseline,179,0.5792,775.0,65.0,334.0,7702.188,5792.0,6.312
measles,baseline,180,0.5828,822.0,56.0,268.0,7781.124,5828.0,6.258
measles,baseline,181,0.5994,765.0,64.0,345.0,7962.7080000000005,5994.0,6.009
measles,baseline,182,0.5765,765.0,59.0,364.0,7640.88,5765.0,6.3465
measles,baseline,183,0.5852,809.0,58.0,317.0,7792.824,5852.0,6.222
measles,baseline,184,0.5936,811.0,56.0,271.0,7850.544,5936.0,6.096
measles,baseline,185,0.5907,757.0,58.0,361.0,7814.352,5907.0,6.1395
measles,baseline,186,0.5722,734.0,64.0,317.0,7660.224,5722.0,6.417
measles,baseline,187,0.5779,848.0,61.0,291.0,7649.616,5779.0,6.3315
measles,baseline,188,0.5751,788.0,62.0,343.0,7612.1759999999995,5751.0,6.3735
measles,baseline,189,0.5657,828.0,52.0,280.0,7470.06,5657.0,6.5145
measles,baseline,190,0.5755,750.0,62.0,280.0,7656.6359999999995,5755.0,6.3675
measles,baseline,191,0.5722,773.0,55.0,359.0,7611.396,5722.0,6.417
measles,baseline,192,0.5855,814.0,56.0,305.0,7802.495999999999,5855.0,6.2175
measles,baseline,193,0.5835,784.0,58.0,335.0,7719.347999999999,5835.0,6.2475
measles,baseline,194,0.5785,815.0,58.0,275.0,7674.888000000001,5785.0,6.3225
measles,baseline,195,0.5851,794.0,60.0,321.0,7861.464,5851.0,6.2235
measles,baseline,196,0.5807,805.0,55.0,279.0,7746.96,5807.0,6.2895
measles,baseline,197,0.5755,731.0,60.0,310.0,7637.1359999999995,5755.0,6.3675
measles,baseline,198,0.5733,772.0,57.0,293.0,7623.408,5733.0,6.4005
measles,baseline,199,0.5753,789.0,53.0,269.0,7755.071999999999,5753.0,6.3705
measles,patient_ai,0,0.4792,606.0,55.0,364.0,6365.736000000001,4792.0,7.8105
measles,patient_ai,1,0.4628,691.0,59.0,308.0,6151.392,4628.0,8.058
measles,patient_ai,2,0.4523,642.0,59.0,276.0,6035.172,4523.0,8.2155
measles,patient_ai,3,0.4849,583.0,62.0,333.0,6401.928,4849.0,7.7265
measles,patient_ai,4,0.4764,581.0,65.0,339.0,6313.32,4764.0,7.854
measles,patient_ai,5,0.469,616.0,65.0,302.0,6206.772,4690.0,7.965
measles,patient_ai,6,0.4652,628.0,62.0,364.0,6164.496,4652.0,8.019
measles,patient_ai,7,0.4767,558.0,65.0,364.0,6292.416,4767.0,7.845
measles,patient_ai,8,0.4914,611.0,64.0,364.0,6505.356,4914.0,7.6155
measles,patient_ai,9,0.4834,627.0,69.0,351.0,6403.955999999999,4834.0,7.749
measles,patient_ai,10,0.4669,591.0,57.0,364.0,6142.968,4669.0,7.9845
measles,patient_ai,11,0.4746,603.0,61.0,338.0,6311.916,4746.0,7.881
measles,patient_ai,12,0.4489,582.0,65.0,336.0,5989.464,4489.0,8.2665
measles,patient_ai,13,0.4809,597.0,66.0,350.0,6389.136,4809.0,7.7865
measles,patient_ai,14,0.4871,585.0,62.0,302.0,6423.768,4871.0,7.6935
measles,patient_ai,15,0.4646,603.0,60.0,267.0,6200.376,4646.0,8.031
measles,patient_ai,16,0.4572,607.0,54.0,259.0,6012.084000000001,4572.0,8.142
measles,patient_ai,17,0.4806,629.0,58.0,285.0,6379.464,4806.0,7.791
measles,patient_ai,18,0.477,592.0,57.0,288.0,6372.912,4770.0,7.845
measles,patient_ai,19,0.4736,565.0,57.0,364.0,6258.876,4736.0,7.89
measles,patient_ai,20,0.4759,634.0,60.0,274.0,6301.931999999999,4759.0,7.8615
measles,patient_ai,21,0.4823,618.0,56.0,295.0,6400.68,4823.0,7.7655
measles,patient_ai,22,0.4918,668.0,65.0,357.0,6503.1720000000005,4918.0,7.623
measles,patient_ai,23,0.471,600.0,60.0,301.0,6207.084000000001,4710.0,7.935
measles,patient_ai,24,0.449,649.0,58.0,224.0,6022.692,4490.0,8.265
measles,patient_ai,25,0.4695,610.0,65.0,296.0,6321.900000000001,4695.0,7.9575
measles,patient_ai,26,0.4667,612.0,67.0,348.0,6174.792,4667.0,7.9995
measles,patient_ai,27,0.4766,604.0,60.0,304.0,6300.84,4766.0,7.851
measles,patient_ai,28,0.4679,641.0,60.0,247.0,6172.763999999999,4679.0,7.9815
measles,patient_ai,29,0.4756,581.0,58.0,299.0,6306.612,4756.0,7.866
measles,patient_ai,30,0.4505,570.0,61.0,342.0,6003.036,4505.0,8.2425
measles,patient_ai,31,0.4711,624.0,61.0,331.0,6208.8,4711.0,7.9335
measles,patient_ai,32,0.4598,586.0,77.0,327.0,6124.871999999999,4598.0,8.103
measles,patient_ai,33,0.4631,543.0,64.0,364.0,6167.304,4631.0,8.052
measles,patient_ai,34,0.4768,638.0,56.0,364.0,6254.664,4768.0,7.8435
measles,patient_ai,35,0.4886,646.0,59.0,339.0,6470.256,4886.0,7.671
measles,patient_ai,36,0.4596,553.0,58.0,356.0,6124.56,4596.0,8.106
measles,patient_ai,37,0.4804,604.0,61.0,298.0,6380.7119999999995,4804.0,7.794
measles,patient_ai,38,0.4508,556.0,61.0,362.0,5928.312000000001,4508.0,8.238
measles,patient_ai,39,0.4758,622.0,59.0,362.0,6335.939999999999,4758.0,7.863
measles,patient_ai,40,0.4628,659.0,60.0,303.0,6095.232,4628.0,8.058
measles,patient_ai,41,0.4611,589.0,57.0,364.0,6133.920000000001,4611.0,8.0805
measles,patient_ai,42,0.4686,618.0,61.0,298.0,6136.416,4686.0,7.971
measles,patient_ai,43,0.4856,616.0,57.0,321.0,6462.768,4856.0,7.716
measles,patient_ai,44,0.4705,629.0,61.0,293.0,6288.047999999999,4705.0,7.9425
measles,patient_ai,45,0.466,579.0,64.0,364.0,6227.052000000001,4660.0,8.0055
measles,patient_ai,46,0.4516,545.0,60.0,295.0,6035.639999999999,4516.0,8.226
measles,patient_ai,47,0.4538,591.0,62.0,293.0,5976.672,4538.0,8.193
measles,patient_ai,48,0.4688,638.0,59.0,287.0,6197.723999999999,4688.0,7.968
measles,patient_ai,49,0.474,606.0,64.0,322.0,6292.103999999999,4740.0,7.89
measles,patient_ai,50,0.4838,611.0,55.0,303.0,6456.371999999999,4838.0,7.743
measles,patient_ai,51,0.4575,620.0,52.0,254.0,6074.328,4575.0,8.1375
measles,patient_ai,52,0.4738,574.0,66.0,359.0,6275.879999999999,4738.0,7.893
measles,patient_ai,53,0.4444,603.0,69.0,301.0,5857.799999999999,4444.0,8.334
measles,patient_ai,54,0.4711,579.0,63.0,355.0,6222.216,4711.0,7.9335
measles,patient_ai,55,0.4675,571.0,63.0,334.0,6108.804,4675.0,7.9875
measles,patient_ai,56,0.4733,549.0,60.0,364.0,6308.484,4733.0,7.899
measles,patient_ai,57,0.4841,624.0,59.0,294.0,6380.7119999999995,4841.0,7.7385
measles,patient_ai,58,0.4554,592.0,54.0,308.0,6004.284,4554.0,8.169
measles,patient_ai,59,0.4671,650.0,63.0,364.0,6194.603999999999,4671.0,7.9815
measles,patient_ai,60,0.4707,566.0,59.0,364.0,6207.396,4707.0,7.935
measles,patient_ai,61,0.4495,584.0,65.0,341.0,6001.008,4495.0,8.2575
measles,patient_ai,62,0.4829,676.0,60.0,276.0,6399.12,4829.0,7.7565
measles,patient_ai,63,0.4655,580.0,64.0,303.0,6115.8240000000005,4655.0,8.0175
measles,patient_ai,64,0.4658,576.0,56.0,286.0,6205.68,4658.0,8.013
measles,patient_ai,65,0.4692,588.0,59.0,325.0,6166.992,4692.0,7.962
measles,patient_ai,66,0.4731,639.0,61.0,345.0,6239.376,4731.0,7.9035
measles,patient_ai,67,0.4707,571.0,55.0,361.0,6181.032,4707.0,7.9395
measles,patient_ai,68,0.4757,546.0,64.0,364.0,6383.832,4757.0,7.863
measles,patient_ai,69,0.4667,550.0,70.0,295.0,6218.94,4667.0,7.9995
measles,patient_ai,70,0.4552,582.0,53.0,251.0,6017.388000000001,4552.0,8.172
measles,patient_ai,71,0.4563,590.0,60.0,304.0,5931.744,4563.0,8.1555
measles,patient_ai,72,0.4869,614.0,58.0,295.0,6474.468,4869.0,7.6965
measles,patient_ai,73,0.464,629.0,64.0,297.0,6202.092,4640.0,8.04
measles,patient_ai,74,0.4727,625.0,58.0,351.0,6329.076,4727.0,7.9095
measles,patient_ai,75,0.4514,655.0,65.0,253.0,5984.16,4514.0,8.229
measles,patient_ai,76,0.4658,548.0,64.0,292.0,6243.275999999999,4658.0,8.013
measles,patient_ai,77,0.4803,686.0,61.0,311.0,6396.156,4803.0,7.7955
measles,patient_ai,78,0.484,616.0,57.0,345.0,6445.295999999999,4840.0,7.74
measles,patient_ai,79,0.4778,582.0,57.0,364.0,6394.908,4778.0,7.8255
measles,patient_ai,80,0.4729,588.0,63.0,349.0,6305.6759999999995,4729.0,7.9065
measles,patient_ai,81,0.4644,579.0,60.0,364.0,6181.344000000001,4644.0,8.0265
measles,patient_ai,82,0.4734,607.0,57.0,364.0,6235.6320000000005,4734.0,7.8975
measles,patient_ai,83,0.4894,634.0,57.0,364.0,6493.812,4894.0,7.6545
measles,patient_ai,84,0.477,596.0,61.0,248.0,6385.548,4770.0,7.845
measles,patient_ai,85,0.476,603.0,57.0,364.0,6229.703999999999,4760.0,7.848
measles,patient_ai,86,0.4668,621.0,53.0,265.0,6248.111999999999,4668.0,7.998
measles,patient_ai,87,0.4636,565.0,66.0,364.0,6107.556,4636.0,8.0445
measles,patient_ai,88,0.463,577.0,66.0,346.0,6101.784,4630.0,8.055
measles,patient_ai,89,0.4722,566.0,57.0,305.0,6246.084000000001,4722.0,7.917
measles,patient_ai,90,0.4629,601.0,60.0,304.0,6142.499999999999,4629.0,8.0565
measles,patient_ai,91,0.471,667.0,61.0,323.0,6215.508,4710.0,7.935
measles,patient_ai,92,0.4776,663.0,56.0,267.0,6341.8679999999995,4776.0,7.836
measles,patient_ai,93,0.4692,558.0,64.0,364.0,6288.6720000000005,4692.0,7.95
measles,patient_ai,94,0.461,641.0,53.0,299.0,6068.400000000001,4610.0,8.085
measles,patient_ai,95,0.4882,643.0,63.0,309.0,6536.4,4882.0,7.677
measles,patient_ai,96,0.4978,622.0,54.0,303.0,6674.459999999999,4978.0,7.533
measles,patient_ai,97,0.4624,598.0,57.0,349.0,6122.688,4624.0,8.064
measles,patient_ai,98,0.4866,619.0,60.0,362.0,6450.2880000000005,4866.0,7.701
measles,patient_ai,99,0.4636,574.0,55.0,311.0,6062.16,4636.0,8.046
measles,patient_ai,100,0.4649,638.0,56.0,364.0,6184.620000000001,4649.0,8.0235
measles,patient_ai,101,0.4916,617.0,54.0,364.0,6549.348,4916.0,7.623
measles,patient_ai,102,0.4687,640.0,55.0,347.0,6240.000000000001,4687.0,7.9695
measles,patient_ai,103,0.4443,617.0,56.0,351.0,5784.636,4443.0,8.3355
measles,patient_ai,104,0.4627,563.0,56.0,353.0,6094.451999999999,4627.0,8.0595
measles,patient_ai,105,0.4484,601.0,60.0,324.0,5941.728,4484.0,8.274
measles,patient_ai,106,0.4667,598.0,66.0,319.0,6192.732000000001,4667.0,7.9995
measles,patient_ai,107,0.4672,602.0,59.0,281.0,6171.204,4672.0,7.992
measles,patient_ai,108,0.4877,613.0,61.0,319.0,6426.888,4877.0,7.6845
measles,patient_ai,109,0.4803,612.0,62.0,361.0,6348.264,4803.0,7.7955
measles,patient_ai,110,0.492,582.0,59.0,337.0,6464.016,4920.0,7.62
measles,patient_ai,111,0.4462,543.0,60.0,343.0,5867.160000000001,4462.0,8.307
measles,patient_ai,112,0.446,562.0,58.0,356.0,5969.808,4460.0,8.31
measles,patient_ai,113,0.4461,609.0,55.0,299.0,5825.664,4461.0,8.3085
measles,patient_ai,114,0.4917,612.0,60.0,323.0,6521.112,4917.0,7.6245
measles,patient_ai,115,0.4688,614.0,63.0,364.0,6236.256,4688.0,7.9665
measles,patient_ai,116,0.4731,579.0,62.0,271.0,6301.307999999999,4731.0,7.9035
measles,patient_ai,117,0.4912,625.0,73.0,304.0,6484.296,4912.0,7.632
measles,patient_ai,118,0.4565,546.0,62.0,364.0,5999.604,4565.0,8.142
measles,patient_ai,119,0.4921,621.0,62.0,364.0,6556.524,4921.0,7.6155
measles,patient_ai,120,0.4749,611.0,62.0,332.0,6314.879999999999,4749.0,7.8765
measles,patient_ai,121,0.4535,555.0,63.0,350.0,5986.656000000001,4535.0,8.1975
measles,patient_ai,122,0.4515,608.0,68.0,332.0,5950.62,4515.0,8.2275
measles,patient_ai,123,0.4821,632.0,58.0,305.0,6468.228,4821.0,7.7685
measles,patient_ai,124,0.4475,578.0,57.0,255.0,5920.98,4475.0,8.2875
measles,patient_ai,125,0.4894,599.0,62.0,363.0,6464.0160000000005,4894.0,7.659
measles,patient_ai,126,0.4719,601.0,60.0,313.0,6240.624,4719.0,7.9215
measles,patient_ai,127,0.4752,665.0,55.0,285.0,6280.716,4752.0,7.872
measles,patient_ai,128,0.4826,688.0,54.0,322.0,6481.488,4826.0,7.761
measles,patient_ai,129,0.4734,565.0,66.0,348.0,6312.852000000001,4734.0,7.899
measles,patient_ai,130,0.4717,571.0,69.0,364.0,6283.68,4717.0,7.914
measles,patient_ai,131,0.4647,577.0,56.0,311.0,6116.2919999999995,4647.0,8.0295
measles,patient_ai,132,0.4609,665.0,67.0,312.0,6143.280000000001,4609.0,8.0865
measles,patient_ai,133,0.481,677.0,61.0,299.0,6338.592000000001,4810.0,7.785
measles,patient_ai,134,0.4708,597.0,66.0,364.0,6252.48,4708.0,7.9365
measles,patient_ai,135,0.4605,562.0,73.0,289.0,6109.427999999999,4605.0,8.0925
measles,patient_ai,136,0.4731,543.0,65.0,355.0,6226.74,4731.0,7.9035
measles,patient_ai,137,0.4648,585.0,70.0,364.0,6183.216,4648.0,8.025
measles,patient_ai,138,0.4822,634.0,66.0,343.0,6425.64,4822.0,7.767
measles,patient_ai,139,0.4756,648.0,57.0,343.0,6286.956,4756.0,7.866
measles,patient_ai,140,0.4628,553.0,65.0,317.0,6113.172,4628.0,8.058
measles,patient_ai,141,0.4636,560.0,68.0,311.0,6126.744,4636.0,8.046
measles,patient_ai,142,0.4597,554.0,61.0,304.0,6127.2119999999995,4597.0,8.1045
measles,patient_ai,143,0.4576,634.0,57.0,338.0,6065.592,4576.0,8.136
measles,patient_ai,144,0.46,628.0,62.0,364.0,6038.2919999999995,4600.0,8.097
measles,patient_ai,145,0.4883,642.0,54.0,309.0,6545.448,4883.0,7.6755
measles,patient_ai,146,0.4554,571.0,60.0,323.0,6056.232,4554.0,8.169
measles,patient_ai,147,0.479,650.0,60.0,362.0,6378.684,4790.0,7.815
measles,patient_ai,148,0.4518,599.0,57.0,307.0,5937.984,4518.0,8.223
measles,patient_ai,149,0.4706,663.0,59.0,343.0,6297.564,4706.0,7.941
measles,patient_ai,150,0.4485,620.0,70.0,364.0,5915.52,4485.0,8.2695
measles,patient_ai,151,0.4644,563.0,62.0,318.0,6111.924,4644.0,8.034
measles,patient_ai,152,0.4631,586.0,61.0,364.0,6072.612000000001,4631.0,8.049
measles,patient_ai,153,0.4658,608.0,65.0,318.0,6103.967999999999,4658.0,8.013
measles,patient_ai,154,0.4762,673.0,62.0,309.0,6267.144,4762.0,7.857
measles,patient_ai,155,0.4624,613.0,58.0,364.0,6177.911999999999,4624.0,8.061
measles,patient_ai,156,0.4826,590.0,62.0,329.0,6359.496,4826.0,7.761
measles,patient_ai,157,0.4855,592.0,65.0,304.0,6424.704,4855.0,7.7175
measles,patient_ai,158,0.474,585.0,68.0,355.0,6232.668,4740.0,7.89
measles,patient_ai,159,0.4576,607.0,65.0,326.0,6055.608,4576.0,8.136
measles,patient_ai,160,0.4803,626.0,59.0,284.0,6341.7119999999995,4803.0,7.7955
measles,patient_ai,161,0.4598,646.0,63.0,323.0,6147.492,4598.0,8.103
measles,patient_ai,162,0.46,577.0,62.0,364.0,6087.12,4600.0,8.097
measles,patient_ai,163,0.4752,569.0,69.0,364.0,6294.756,4752.0,7.8705
measles,patient_ai,164,0.4568,655.0,58.0,244.0,5985.563999999999,4568.0,8.148
measles,patient_ai,165,0.487,659.0,60.0,347.0,6457.776,4870.0,7.695
measles,patient_ai,166,0.465,631.0,61.0,348.0,6206.772,4650.0,8.025
measles,patient_ai,167,0.4932,604.0,69.0,364.0,6543.888,4932.0,7.5975
measles,patient_ai,168,0.4628,589.0,57.0,364.0,6127.524000000001,4628.0,8.0535
measles,patient_ai,169,0.4815,588.0,52.0,306.0,6353.88,4815.0,7.7775
measles,patient_ai,170,0.4433,600.0,57.0,352.0,5852.652,4433.0,8.3505
measles,patient_ai,171,0.4654,609.0,64.0,284.0,6174.4800000000005,4654.0,8.019
measles,patient_ai,172,0.4787,644.0,63.0,292.0,6361.0560000000005,4787.0,7.8195
measles,patient_ai,173,0.4761,646.0,63.0,357.0,6391.164,4761.0,7.8585
measles,patient_ai,174,0.4414,543.0,59.0,314.0,5887.752,4414.0,8.379
measles,patient_ai,175,0.4929,650.0,59.0,268.0,6561.6720000000005,4929.0,7.6065
measles,patient_ai,176,0.4709,587.0,63.0,364.0,6258.407999999999,4709.0,7.9305
measles,patient_ai,177,0.4635,587.0,62.0,364.0,6163.092,4635.0,8.04
measles,patient_ai,178,0.4788,621.0,66.0,364.0,6330.012,4788.0,7.8165
measles,patient_ai,179,0.4784,612.0,64.0,275.0,6360.744000000001,4784.0,7.824
measles,patient_ai,180,0.4705,586.0,55.0,324.0,6230.172,4705.0,7.9425
measles,patient_ai,181,0.4704,586.0,61.0,332.0,6241.5599999999995,4704.0,7.944
measles,patient_ai,182,0.4779,601.0,66.0,299.0,6357.312,4779.0,7.8315
measles,patient_ai,183,0.4638,615.0,66.0,263.0,6170.580000000001,4638.0,8.043
measles,patient_ai,184,0.4889,655.0,55.0,364.0,6528.2880000000005,4889.0,7.6545
measles,patient_ai,185,0.466,596.0,59.0,264.0,6173.856,4660.0,8.01
measles,patient_ai,186,0.4465,599.0,61.0,291.0,5960.135999999999,4465.0,8.3025
measles,patient_ai,187,0.4816,642.0,62.0,330.0,6397.715999999999,4816.0,7.776
measles,patient_ai,188,0.4583,648.0,60.0,364.0,5980.104,4583.0,8.124
measles,patient_ai,189,0.4553,600.0,68.0,281.0,5967.78,4553.0,8.1705
measles,patient_ai,190,0.4713,546.0,66.0,312.0,6214.728,4713.0,7.9305
measles,patient_ai,191,0.4547,616.0,60.0,350.0,6015.360000000001,4547.0,8.1795
measles,patient_ai,192,0.4711,582.0,64.0,308.0,6240.0,4711.0,7.9335
measles,patient_ai,193,0.4693,610.0,59.0,314.0,6183.528,4693.0,7.9605
measles,patient_ai,194,0.4741,592.0,55.0,340.0,6306.768000000001,4741.0,7.8885
measles,patient_ai,195,0.4593,618.0,57.0,353.0,6102.407999999999,4593.0,8.1105
measles,patient_ai,196,0.4685,623.0,56.0,296.0,6200.844,4685.0,7.9725
measles,patient_ai,197,0.4613,578.0,60.0,325.0,6156.696,4613.0,8.0805
measles,patient_ai,198,0.4523,659.0,59.0,309.0,6041.412,4523.0,8.2155
measles,patient_ai,199,0.4652,593.0,62.0,287.0,6152.016,4652.0,8.022
measles,system_ai,0,0.4462,487.0,54.0,253.0,4767.048,4462.0,8.307
measles,system_ai,1,0.4725,578.0,50.0,271.0,5083.884,4725.0,7.9125
measles,system_ai,2,0.4659,501.0,56.0,267.0,5081.076,4659.0,8.0115
measles,system_ai,3,0.4649,569.0,59.0,354.0,5002.919999999999,4649.0,8.0265
measles,system_ai,4,0.4625,476.0,57.0,313.0,4899.959999999999,4625.0,8.0625
measles,system_ai,5,0.4767,596.0,61.0,304.0,5072.496,4767.0,7.8495
measles,system_ai,6,0.4685,547.0,61.0,235.0,4902.299999999999,4685.0,7.9725
measles,system_ai,7,0.463,490.0,61.0,257.0,4949.567999999999,4630.0,8.055
measles,system_ai,8,0.4523,520.0,59.0,238.0,4886.7,4523.0,8.2155
measles,system_ai,9,0.4668,521.0,65.0,229.0,4956.9,4668.0,7.998
measles,system_ai,10,0.4506,465.0,63.0,306.0,4767.9839999999995,4506.0,8.241
measles,system_ai,11,0.4607,516.0,62.0,249.0,4991.375999999999,4607.0,8.0895
measles,system_ai,12,0.4521,505.0,54.0,295.0,4850.196,4521.0,8.2185
measles,system_ai,13,0.4496,482.0,65.0,364.0,4755.972000000001,4496.0,8.2545
measles,system_ai,14,0.4756,541.0,62.0,282.0,5079.6720000000005,4756.0,7.866
measles,system_ai,15,0.4591,572.0,51.0,314.0,4950.972,4591.0,8.1135
measles,system_ai,16,0.4585,527.0,57.0,333.0,4894.344,4585.0,8.1225
measles,system_ai,17,0.4759,503.0,60.0,310.0,5076.084,4759.0,7.8615
measles,system_ai,18,0.4671,560.0,55.0,296.0,4999.332,4671.0,7.9935
measles,system_ai,19,0.4454,463.0,63.0,297.0,4746.3,4454.0,8.319
measles,system_ai,20,0.4668,532.0,62.0,262.0,5053.308,4668.0,7.998
measles,system_ai,21,0.462,541.0,60.0,281.0,4874.844000000001,4620.0,8.07
measles,system_ai,22,0.4663,517.0,61.0,300.0,4968.756000000001,4663.0,8.0055
measles,system_ai,23,0.4896,536.0,56.0,314.0,5262.816,4896.0,7.656
measles,system_ai,24,0.4744,554.0,56.0,304.0,5095.116,4744.0,7.884
measles,system_ai,25,0.4315,465.0,52.0,271.0,4660.5,4315.0,8.5275
measles,system_ai,26,0.4545,504.0,69.0,259.0,4778.748,4545.0,8.1825
measles,system_ai,27,0.4597,530.0,58.0,304.0,5023.044,4597.0,8.1045
measles,system_ai,28,0.4569,482.0,56.0,274.0,4883.424,4569.0,8.1465
measles,system_ai,29,0.4607,487.0,63.0,312.0,4902.300000000001,4607.0,8.0895
measles,system_ai,30,0.4687,539.0,63.0,329.0,4969.692000000001,4687.0,7.9695
measles,system_ai,31,0.4655,538.0,52.0,217.0,4995.276,4655.0,8.0175
measles,system_ai,32,0.4617,485.0,70.0,296.0,4886.388,4617.0,8.0745
measles,system_ai,33,0.4552,452.0,66.0,293.0,4791.540000000001,4552.0,8.172
measles,system_ai,34,0.4635,541.0,59.0,299.0,5045.976,4635.0,8.0475
measles,system_ai,35,0.4635,518.0,62.0,294.0,4962.204,4635.0,8.0475
measles,system_ai,36,0.4519,514.0,58.0,284.0,4790.292000000001,4519.0,8.2215
measles,system_ai,37,0.4523,557.0,48.0,251.0,4901.052,4523.0,8.2155
measles,system_ai,38,0.4622,492.0,54.0,294.0,4903.704000000001,4622.0,8.067
measles,system_ai,39,0.462,458.0,65.0,361.0,4900.272,4620.0,8.07
measles,system_ai,40,0.4551,585.0,46.0,353.0,4948.632,4551.0,8.1735
measles,system_ai,41,0.4622,524.0,56.0,321.0,4957.68,4622.0,8.067
measles,system_ai,42,0.4664,528.0,56.0,295.0,4972.032,4664.0,8.004
measles,system_ai,43,0.4537,569.0,57.0,228.0,4830.695999999999,4537.0,8.1945
measles,system_ai,44,0.4696,550.0,55.0,357.0,5025.072,4696.0,7.956
measles,system_ai,45,0.4489,505.0,57.0,256.0,4751.916,4489.0,8.2665
measles,system_ai,46,0.4507,477.0,66.0,255.0,4835.22,4507.0,8.2395
measles,system_ai,47,0.4401,441.0,70.0,308.0,4643.964,4401.0,8.3985
measles,system_ai,48,0.4779,546.0,55.0,277.0,5024.603999999999,4779.0,7.8315
measles,system_ai,49,0.4566,483.0,65.0,274.0,4866.264,4566.0,8.151
measles,system_ai,50,0.4609,452.0,61.0,355.0,4870.008,4609.0,8.0865
measles,system_ai,51,0.4408,562.0,54.0,273.0,4723.3679999999995,4408.0,8.388
measles,system_ai,52,0.4449,507.0,51.0,298.0,4799.963999999999,4449.0,8.3265
measles,system_ai,53,0.4535,488.0,66.0,299.0,4847.544,4535.0,8.1975
measles,system_ai,54,0.4511,469.0,53.0,293.0,4854.096,4511.0,8.2335
measles,system_ai,55,0.4654,473.0,56.0,277.0,4946.604,4654.0,8.019
measles,system_ai,56,0.4642,494.0,57.0,364.0,5044.259999999999,4642.0,8.025
measles,system_ai,57,0.4656,526.0,56.0,256.0,5011.188000000001,4656.0,8.016
measles,system_ai,58,0.459,546.0,61.0,341.0,4923.828,4590.0,8.115
measles,system_ai,59,0.457,523.0,62.0,250.0,4876.56,4570.0,8.145
measles,system_ai,60,0.461,490.0,55.0,364.0,4954.56,4610.0,8.0775
measles,system_ai,61,0.445,477.0,66.0,306.0,4784.364,4450.0,8.325
measles,system_ai,62,0.4499,548.0,64.0,276.0,4828.356,4499.0,8.2515
measles,system_ai,63,0.4513,475.0,63.0,364.0,4809.012,4513.0,8.22
measles,system_ai,64,0.4495,545.0,56.0,291.0,4879.524,4495.0,8.2575
measles,system_ai,65,0.4531,503.0,67.0,263.0,4812.132,4531.0,8.2035
measles,system_ai,66,0.4536,485.0,58.0,364.0,4846.452,4536.0,8.1885
measles,system_ai,67,0.4391,524.0,53.0,265.0,4658.628,4391.0,8.4135
measles,system_ai,68,0.4682,544.0,59.0,338.0,4967.508000000001,4682.0,7.977
measles,system_ai,69,0.4433,475.0,57.0,286.0,4701.84,4433.0,8.3505
measles,system_ai,70,0.4656,538.0,55.0,258.0,4971.408,4656.0,8.016
measles,system_ai,71,0.4596,508.0,63.0,285.0,4933.344,4596.0,8.106
measles,system_ai,72,0.4654,559.0,51.0,297.0,5018.6759999999995,4654.0,8.019
measles,system_ai,73,0.4528,498.0,55.0,269.0,4853.472,4528.0,8.208
measles,system_ai,74,0.4655,533.0,59.0,220.0,4957.523999999999,4655.0,8.0175
measles,system_ai,75,0.4521,513.0,54.0,276.0,4885.608,4521.0,8.2185
measles,system_ai,76,0.439,479.0,75.0,286.0,4591.548000000001,4390.0,8.415
measles,system_ai,77,0.4725,590.0,56.0,220.0,5038.487999999999,4725.0,7.9125
measles,system_ai,78,0.4635,534.0,64.0,364.0,4976.244000000001,4635.0,8.0415
measles,system_ai,79,0.4666,535.0,54.0,235.0,4967.196,4666.0,8.001
measles,system_ai,80,0.4665,501.0,67.0,219.0,4933.344,4665.0,8.0025
measles,system_ai,81,0.4523,468.0,53.0,260.0,4838.184,4523.0,8.2155
measles,system_ai,82,0.4576,510.0,55.0,329.0,4960.799999999999,4576.0,8.136
measles,system_ai,83,0.475,574.0,51.0,325.0,5144.723999999999,4750.0,7.875
measles,system_ai,84,0.465,536.0,58.0,322.0,4981.704000000001,4650.0,8.025
measles,system_ai,85,0.459,494.0,60.0,275.0,4937.244,4590.0,8.115
measles,system_ai,86,0.4681,559.0,54.0,273.0,5007.6,4681.0,7.9785
measles,system_ai,87,0.4555,501.0,64.0,364.0,4830.228,4555.0,8.1615
measles,system_ai,88,0.4594,522.0,58.0,263.0,4932.876,4594.0,8.109
measles,system_ai,89,0.4491,479.0,67.0,283.0,4841.616,4491.0,8.2635
measles,system_ai,90,0.4461,526.0,57.0,257.0,4835.219999999999,4461.0,8.3085
measles,system_ai,91,0.471,564.0,54.0,284.0,5062.199999999999,4710.0,7.935
measles,system_ai,92,0.4671,541.0,54.0,228.0,5010.0960000000005,4671.0,7.9935
measles,system_ai,93,0.4312,492.0,60.0,274.0,4552.860000000001,4312.0,8.532
measles,system_ai,94,0.4888,512.0,58.0,311.0,5247.683999999999,4888.0,7.668
measles,system_ai,95,0.4464,566.0,63.0,254.0,4797.936000000001,4464.0,8.304
measles,system_ai,96,0.4644,555.0,56.0,235.0,4923.36,4644.0,8.034
measles,system_ai,97,0.4633,469.0,59.0,323.0,4925.856000000001,4633.0,8.0505
measles,system_ai,98,0.4772,508.0,62.0,274.0,5060.64,4772.0,7.842
measles,system_ai,99,0.4591,501.0,56.0,321.0,4923.36,4591.0,8.1135
measles,system_ai,100,0.4491,496.0,63.0,279.0,4766.112,4491.0,8.2635
measles,system_ai,101,0.4712,501.0,56.0,294.0,5036.928,4712.0,7.932
measles,system_ai,102,0.4591,503.0,57.0,364.0,4879.368,4591.0,8.109
measles,system_ai,103,0.4635,524.0,56.0,266.0,5031.779999999999,4635.0,8.0475
measles,system_ai,104,0.4718,541.0,63.0,364.0,5004.012,4718.0,7.9215
measles,system_ai,105,0.4523,518.0,67.0,330.0,4787.796,4523.0,8.2155
measles,system_ai,106,0.452,533.0,61.0,289.0,4811.196,4520.0,8.22
measles,system_ai,107,0.4647,537.0,64.0,272.0,5031.624,4647.0,8.0295
measles,system_ai,108,0.4831,496.0,56.0,254.0,5152.992,4831.0,7.7535
measles,system_ai,109,0.4553,553.0,60.0,284.0,4872.036,4553.0,8.1705
measles,system_ai,110,0.4516,500.0,69.0,234.0,4762.835999999999,4516.0,8.226
measles,system_ai,111,0.4571,504.0,57.0,307.0,4894.811999999999,4571.0,8.1435
measles,system_ai,112,0.4546,497.0,58.0,264.0,4920.396000000001,4546.0,8.181
measles,system_ai,113,0.4524,479.0,67.0,258.0,4869.54,4524.0,8.214
measles,system_ai,114,0.445,485.0,63.0,313.0,4759.092,4450.0,8.325
measles,system_ai,115,0.4743,486.0,63.0,338.0,5032.56,4743.0,7.8855
measles,system_ai,116,0.4518,499.0,57.0,320.0,4752.072,4518.0,8.223
measles,system_ai,117,0.4697,574.0,50.0,306.0,5080.764,4697.0,7.9545
measles,system_ai,118,0.4655,561.0,53.0,313.0,5001.516,4655.0,8.0175
measles,system_ai,119,0.4711,568.0,60.0,281.0,4991.688,4711.0,7.9335
measles,system_ai,120,0.4644,488.0,63.0,318.0,4888.572,4644.0,8.034
measles,system_ai,121,0.4711,520.0,56.0,234.0,5072.028,4711.0,7.9335
measles,system_ai,122,0.4698,498.0,57.0,238.0,4979.831999999999,4698.0,7.953
measles,system_ai,123,0.436,465.0,63.0,246.0,4610.736000000001,4360.0,8.46
measles,system_ai,124,0.455,493.0,58.0,290.0,4857.684,4550.0,8.175
measles,system_ai,125,0.4622,513.0,61.0,263.0,4911.972,4622.0,8.067
measles,system_ai,126,0.4631,528.0,56.0,361.0,5016.491999999999,4631.0,8.0535
measles,system_ai,127,0.4772,609.0,48.0,279.0,5195.735999999999,4772.0,7.842
measles,system_ai,128,0.4758,561.0,58.0,282.0,5091.84,4758.0,7.863
measles,system_ai,129,0.4668,495.0,66.0,306.0,5002.452,4668.0,7.998
measles,system_ai,130,0.4754,496.0,61.0,303.0,5020.548,4754.0,7.869
measles,system_ai,131,0.4701,542.0,62.0,273.0,5060.795999999999,4701.0,7.9485
measles,system_ai,132,0.4605,511.0,57.0,300.0,4911.348000000001,4605.0,8.0925
measles,system_ai,133,0.4781,553.0,59.0,294.0,5104.476000000001,4781.0,7.8285
measles,system_ai,134,0.4596,496.0,74.0,359.0,4783.272,4596.0,8.106
measles,system_ai,135,0.4752,502.0,63.0,299.0,5027.412,4752.0,7.872
measles,system_ai,136,0.473,542.0,56.0,345.0,5038.331999999999,4730.0,7.905
measles,system_ai,137,0.4454,446.0,81.0,297.0,4645.679999999999,4454.0,8.319
measles,system_ai,138,0.4713,564.0,65.0,356.0,4973.124000000001,4713.0,7.9305
measles,system_ai,139,0.4581,546.0,55.0,322.0,4865.795999999999,4581.0,8.1285
measles,system_ai,140,0.4653,506.0,64.0,265.0,4928.04,4653.0,8.0205
measles,system_ai,141,0.4546,485.0,54.0,353.0,4875.312,4546.0,8.181
measles,system_ai,142,0.463,519.0,67.0,262.0,4879.679999999999,4630.0,8.055
measles,system_ai,143,0.4511,473.0,61.0,273.0,4769.388,4511.0,8.2335
measles,system_ai,144,0.474,476.0,63.0,330.0,5107.7519999999995,4740.0,7.89
measles,system_ai,145,0.4752,557.0,64.0,294.0,5107.284,4752.0,7.872
measles,system_ai,146,0.4405,539.0,54.0,290.0,4737.408,4405.0,8.3925
measles,system_ai,147,0.4632,547.0,63.0,231.0,4911.816000000001,4632.0,8.052
measles,system_ai,148,0.4594,554.0,57.0,315.0,4948.32,4594.0,8.109
measles,system_ai,149,0.4797,538.0,59.0,364.0,5139.264,4797.0,7.8015
measles,system_ai,150,0.4653,539.0,59.0,348.0,4956.432,4653.0,8.0205
measles,system_ai,151,0.4523,490.0,67.0,266.0,4709.951999999999,4523.0,8.2155
measles,system_ai,152,0.4565,526.0,56.0,335.0,4905.732,4565.0,8.1525
measles,system_ai,153,0.4821,589.0,55.0,364.0,5155.644,4821.0,7.767
measles,system_ai,154,0.4519,486.0,63.0,249.0,4858.776,4519.0,8.2215
measles,system_ai,155,0.4491,520.0,50.0,253.0,4807.764000000001,4491.0,8.2635
measles,system_ai,156,0.4602,547.0,64.0,278.0,4871.88,4602.0,8.097
measles,system_ai,157,0.4445,458.0,58.0,299.0,4759.2480000000005,4445.0,8.3325
measles,system_ai,158,0.4587,511.0,60.0,332.0,4838.652,4587.0,8.1195
measles,system_ai,159,0.455,471.0,61.0,274.0,4833.816,4550.0,8.175
measles,system_ai,160,0.466,527.0,62.0,290.0,5004.7919999999995,4660.0,8.01
measles,system_ai,161,0.47,560.0,58.0,288.0,5032.092,4700.0,7.95
measles,system_ai,162,0.4607,458.0,57.0,364.0,4868.292,4607.0,8.0865
measles,system_ai,163,0.4675,487.0,58.0,259.0,4973.28,4675.0,7.9875
measles,system_ai,164,0.4744,532.0,58.0,330.0,5086.068,4744.0,7.884
measles,system_ai,165,0.4705,550.0,65.0,310.0,5094.804,4705.0,7.9425
measles,system_ai,166,0.468,535.0,56.0,256.0,4931.472,4680.0,7.98
measles,system_ai,167,0.478,602.0,57.0,276.0,5125.536,4780.0,7.83
measles,system_ai,168,0.4686,503.0,58.0,320.0,5010.407999999999,4686.0,7.971
measles,system_ai,169,0.4733,518.0,57.0,278.0,5078.736,4733.0,7.9005
measles,system_ai,170,0.4691,627.0,55.0,317.0,5110.4039999999995,4691.0,7.9635
measles,system_ai,171,0.4465,473.0,63.0,237.0,4750.2,4465.0,8.3025
measles,system_ai,172,0.4636,498.0,65.0,261.0,4893.0960000000005,4636.0,8.046
measles,system_ai,173,0.455,477.0,64.0,279.0,4853.9400000000005,4550.0,8.175
measles,system_ai,174,0.4772,510.0,67.0,263.0,5124.288,4772.0,7.842
measles,system_ai,175,0.4682,570.0,55.0,264.0,5051.124000000001,4682.0,7.977
measles,system_ai,176,0.4478,470.0,63.0,285.0,4748.328,4478.0,8.283
measles,system_ai,177,0.4707,573.0,52.0,251.0,5091.372,4707.0,7.9395
measles,system_ai,178,0.4743,513.0,59.0,364.0,5111.964,4743.0,7.881
measles,system_ai,179,0.4645,501.0,62.0,340.0,4865.796,4645.0,8.0325
measles,system_ai,180,0.4721,524.0,56.0,266.0,5027.412,4721.0,7.9185
measles,system_ai,181,0.4711,533.0,59.0,258.0,5011.812000000001,4711.0,7.9335
measles,system_ai,182,0.4495,548.0,61.0,223.0,4825.392,4495.0,8.2575
measles,system_ai,183,0.4538,496.0,63.0,278.0,4822.74,4538.0,8.193
measles,system_ai,184,0.4454,600.0,57.0,286.0,4767.5160000000005,4454.0,8.319
measles,system_ai,185,0.4676,499.0,54.0,332.0,4997.304,4676.0,7.986
measles,system_ai,186,0.4767,452.0,70.0,364.0,5002.763999999999,4767.0,7.8465
measles,system_ai,187,0.4822,553.0,61.0,311.0,5179.667999999999,4822.0,7.767
measles,system_ai,188,0.4672,566.0,66.0,265.0,4992.156,4672.0,7.992
measles,system_ai,189,0.4616,516.0,56.0,284.0,5018.831999999999,4616.0,8.076
measles,system_ai,190,0.46,472.0,63.0,313.0,4877.34,4600.0,8.1
measles,system_ai,191,0.4805,549.0,54.0,364.0,5193.864,4805.0,7.785
measles,system_ai,192,0.4692,548.0,57.0,239.0,5105.256,4692.0,7.962
measles,system_ai,193,0.4796,535.0,54.0,345.0,5163.444,4796.0,7.806
measles,system_ai,194,0.4687,534.0,53.0,292.0,5091.06,4687.0,7.9695
measles,system_ai,195,0.4725,530.0,55.0,257.0,5110.5599999999995,4725.0,7.9125
measles,system_ai,196,0.4483,570.0,48.0,206.0,4802.147999999999,4483.0,8.2755
measles,system_ai,197,0.445,506.0,60.0,264.0,4761.276000000001,4450.0,8.325
measles,system_ai,198,0.4617,489.0,52.0,237.0,4965.012000000001,4617.0,8.0745
measles,system_ai,199,0.4518,534.0,54.0,249.0,4863.143999999999,4518.0,8.223
measles,combined,0,0.3258,332.0,67.0,323.0,3464.76,3258.0,10.113
measles,combined,1,0.3404,331.0,60.0,284.0,3663.66,3404.0,9.894
measles,combined,2,0.3293,347.0,55.0,235.0,3555.396,3293.0,10.0605
measles,combined,3,0.3157,340.0,56.0,261.0,3401.424,3157.0,10.2645
measles,combined,4,0.3037,280.0,84.0,258.0,3220.776,3037.0,10.4445
measles,combined,5,0.3361,340.0,68.0,263.0,3563.976,3361.0,9.9585
measles,combined,6,0.3561,355.0,65.0,283.0,3819.504,3561.0,9.6585
measles,combined,7,0.3029,276.0,87.0,280.0,3145.428,3029.0,10.4565
measles,combined,8,0.3137,315.0,59.0,266.0,3378.024,3137.0,10.2945
measles,combined,9,0.3456,337.0,68.0,273.0,3660.2279999999996,3456.0,9.816
measles,combined,10,0.3236,330.0,64.0,284.0,3488.16,3236.0,10.146
measles,combined,11,0.3152,321.0,68.0,279.0,3353.3759999999997,3152.0,10.272
measles,combined,12,0.3193,345.0,62.0,227.0,3434.0280000000002,3193.0,10.2105
measles,combined,13,0.3169,332.0,69.0,307.0,3385.668,3169.0,10.2465
measles,combined,14,0.3095,313.0,60.0,234.0,3261.6479999999997,3095.0,10.3575
measles,combined,15,0.333,367.0,67.0,213.0,3521.7,3330.0,10.005
measles,combined,16,0.3169,313.0,61.0,292.0,3394.2479999999996,3169.0,10.2465
measles,combined,17,0.3311,360.0,70.0,248.0,3542.604,3311.0,10.0335
measles,combined,18,0.3189,330.0,62.0,315.0,3380.364,3189.0,10.2165
measles,combined,19,0.3,291.0,64.0,224.0,3218.5919999999996,3000.0,10.5
measles,combined,20,0.3318,328.0,55.0,253.0,3528.876,3318.0,10.023
measles,combined,21,0.3096,341.0,74.0,258.0,3317.808,3096.0,10.356
measles,combined,22,0.3198,307.0,84.0,307.0,3312.0359999999996,3198.0,10.203
measles,combined,23,0.3419,356.0,62.0,228.0,3670.212,3419.0,9.8715
measles,combined,24,0.3245,361.0,63.0,264.0,3427.632,3245.0,10.1325
measles,combined,25,0.3394,316.0,77.0,332.0,3560.8560000000007,3394.0,9.909
measles,combined,26,0.339,373.0,72.0,230.0,3592.212,3390.0,9.915
measles,combined,27,0.3138,297.0,71.0,304.0,3331.848,3138.0,10.293
measles,combined,28,0.3225,312.0,61.0,232.0,3422.3279999999995,3225.0,10.1625
measles,combined,29,0.3069,306.0,71.0,266.0,3205.644,3069.0,10.3965
measles,combined,30,0.3224,304.0,47.0,239.0,3398.772,3224.0,10.164
measles,combined,31,0.3197,336.0,58.0,364.0,3442.764,3197.0,10.1985
measles,combined,32,0.308,313.0,73.0,291.0,3295.032,3080.0,10.38
measles,combined,33,0.3202,310.0,63.0,305.0,3431.2200000000003,3202.0,10.197
measles,combined,34,0.3368,329.0,70.0,299.0,3608.592,3368.0,9.948
measles,combined,35,0.3189,345.0,66.0,284.0,3402.672,3189.0,10.2165
measles,combined,36,0.3145,356.0,73.0,255.0,3364.1400000000003,3145.0,10.2825
measles,combined,37,0.332,339.0,67.0,258.0,3501.732,3320.0,10.02
measles,combined,38,0.3246,338.0,64.0,260.0,3476.928,3246.0,10.131
measles,combined,39,0.3253,348.0,68.0,241.0,3454.3080000000004,3253.0,10.1205
measles,combined,40,0.3372,418.0,62.0,299.0,3681.912,3372.0,9.942
measles,combined,41,0.3173,337.0,63.0,301.0,3424.2,3173.0,10.2405
measles,combined,42,0.3329,372.0,65.0,295.0,3556.02,3329.0,10.0065
measles,combined,43,0.3324,336.0,75.0,326.0,3544.32,3324.0,10.014
measles,combined,44,0.3245,300.0,63.0,270.0,3430.128,3245.0,10.1325
measles,combined,45,0.3209,332.0,74.0,278.0,3410.94,3209.0,10.1865
measles,combined,46,0.311,300.0,63.0,243.0,3296.592,3110.0,10.335
measles,combined,47,0.2984,317.0,74.0,307.0,3155.0999999999995,2984.0,10.524
measles,combined,48,0.3259,332.0,66.0,256.0,3453.06,3259.0,10.1115
measles,combined,49,0.3313,358.0,67.0,343.0,3548.376,3313.0,10.0305
measles,combined,50,0.3216,317.0,58.0,290.0,3426.852,3216.0,10.176
measles,combined,51,0.3154,349.0,64.0,224.0,3393.6240000000003,3154.0,10.269
measles,combined,52,0.3279,322.0,58.0,252.0,3484.8840000000005,3279.0,10.0815
measles,combined,53,0.3307,321.0,73.0,325.0,3579.7320000000004,3307.0,10.0395
measles,combined,54,0.3069,320.0,65.0,223.0,3344.016,3069.0,10.3965
measles,combined,55,0.3129,258.0,70.0,296.0,3343.86,3129.0,10.3065
measles,combined,56,0.2956,298.0,59.0,305.0,3158.9999999999995,2956.0,10.566
measles,combined,57,0.3205,297.0,65.0,246.0,3412.656,3205.0,10.1925
measles,combined,58,0.307,337.0,65.0,254.0,3271.632,3070.0,10.395
measles,combined,59,0.3273,357.0,56.0,284.0,3493.932,3273.0,10.0905
measles,combined,60,0.3212,284.0,73.0,263.0,3464.1360000000004,3212.0,10.182
measles,combined,61,0.3097,339.0,64.0,364.0,3305.64,3097.0,10.3515
measles,combined,62,0.3439,375.0,68.0,271.0,3674.112,3439.0,9.8415
measles,combined,63,0.331,334.0,57.0,264.0,3513.9,3310.0,10.035
measles,combined,64,0.3154,304.0,83.0,253.0,3355.5600000000004,3154.0,10.269
measles,combined,65,0.3415,354.0,69.0,222.0,3615.768,3415.0,9.8775
measles,combined,66,0.3339,369.0,69.0,312.0,3569.904,3339.0,9.9915
measles,combined,67,0.3299,348.0,58.0,268.0,3537.3,3299.0,10.0515
measles,combined,68,0.3248,320.0,70.0,273.0,3435.5879999999997,3248.0,10.128
measles,combined,69,0.3101,266.0,83.0,249.0,3227.6400000000003,3101.0,10.3485
measles,combined,70,0.3372,334.0,58.0,302.0,3646.968,3372.0,9.942
measles,combined,71,0.3169,334.0,56.0,288.0,3383.9519999999998,3169.0,10.2465
measles,combined,72,0.306,334.0,60.0,241.0,3243.24,3060.0,10.41
measles,combined,73,0.3274,294.0,63.0,241.0,3513.588,3274.0,10.089
measles,combined,74,0.3457,346.0,55.0,325.0,3654.456,3457.0,9.8145
measles,combined,75,0.3358,326.0,76.0,241.0,3595.956,3358.0,9.963
measles,combined,76,0.3004,310.0,65.0,211.0,3208.764,3004.0,10.494
measles,combined,77,0.3255,358.0,68.0,244.0,3470.6879999999996,3255.0,10.1175
measles,combined,78,0.3224,337.0,63.0,259.0,3418.272,3224.0,10.164
measles,combined,79,0.3257,359.0,57.0,209.0,3466.6319999999996,3257.0,10.1145
measles,combined,80,0.3264,301.0,66.0,350.0,3482.8559999999998,3264.0,10.104
measles,combined,81,0.3254,329.0,59.0,256.0,3466.008,3254.0,10.119
measles,combined,82,0.3332,310.0,75.0,364.0,3524.0399999999995,3332.0,10.0005
measles,combined,83,0.3296,409.0,51.0,301.0,3585.504,3296.0,10.056
measles,combined,84,0.3329,352.0,61.0,289.0,3557.112,3329.0,10.0065
measles,combined,85,0.3054,305.0,64.0,263.0,3305.3280000000004,3054.0,10.419
measles,combined,86,0.3258,307.0,70.0,281.0,3451.9680000000003,3258.0,10.113
measles,combined,87,0.3076,336.0,56.0,245.0,3343.392,3076.0,10.386
measles,combined,88,0.3223,345.0,64.0,239.0,3433.4039999999995,3223.0,10.1655
measles,combined,89,0.3216,352.0,65.0,360.0,3439.1760000000004,3216.0,10.176
measles,combined,90,0.2964,337.0,72.0,279.0,3193.3199999999997,2964.0,10.554
measles,combined,91,0.3514,416.0,59.0,216.0,3805.9320000000002,3514.0,9.729
measles,combined,92,0.3401,333.0,62.0,287.0,3655.7039999999997,3401.0,9.8985
measles,combined,93,0.3274,319.0,71.0,280.0,3434.652,3274.0,10.089
measles,combined,94,0.3369,331.0,66.0,239.0,3614.52,3369.0,9.9465
measles,combined,95,0.325,341.0,67.0,264.0,3458.052,3250.0,10.125
measles,combined,96,0.3296,371.0,69.0,271.0,3484.572,3296.0,10.056
measles,combined,97,0.3309,322.0,73.0,364.0,3567.72,3309.0,10.0335
measles,combined,98,0.32,331.0,56.0,294.0,3433.5600000000004,3200.0,10.2
measles,combined,99,0.3118,311.0,57.0,276.0,3421.0800000000004,3118.0,10.323
measles,combined,100,0.3291,339.0,64.0,248.0,3497.3639999999996,3291.0,10.0635
measles,combined,101,0.3341,364.0,68.0,335.0,3588.468,3341.0,9.9885
measles,combined,102,0.3185,344.0,61.0,238.0,3473.1839999999997,3185.0,10.2225
measles,combined,103,0.3121,318.0,63.0,246.0,3300.18,3121.0,10.3185
measles,combined,104,0.3196,321.0,74.0,257.0,3390.5039999999995,3196.0,10.206
measles,combined,105,0.3114,302.0,77.0,241.0,3339.96,3114.0,10.329
measles,combined,106,0.3247,341.0,64.0,216.0,3464.292,3247.0,10.1295
measles,combined,107,0.301,297.0,63.0,331.0,3224.988,3010.0,10.485
measles,combined,108,0.3304,293.0,78.0,309.0,3488.7840000000006,3304.0,10.044
measles,combined,109,0.3268,336.0,64.0,338.0,3490.968,3268.0,10.098
measles,combined,110,0.3159,312.0,69.0,338.0,3345.2639999999997,3159.0,10.2615
measles,combined,111,0.3222,318.0,65.0,219.0,3445.5719999999997,3222.0,10.167
measles,combined,112,0.3147,358.0,61.0,237.0,3370.38,3147.0,10.2795
measles,combined,113,0.3003,283.0,50.0,262.0,3240.432,3003.0,10.4955
measles,combined,114,0.3237,355.0,63.0,314.0,3469.752,3237.0,10.1445
measles,combined,115,0.327,280.0,79.0,250.0,3399.8640000000005,3270.0,10.095
measles,combined,116,0.3202,312.0,66.0,229.0,3450.72,3202.0,10.197
measles,combined,117,0.3336,368.0,51.0,333.0,3644.4719999999998,3336.0,9.996
measles,combined,118,0.3476,378.0,63.0,318.0,3758.82,3476.0,9.786
measles,combined,119,0.319,335.0,63.0,250.0,3349.1639999999993,3190.0,10.215
measles,combined,120,0.3111,318.0,77.0,279.0,3306.888,3111.0,10.3335
measles,combined,121,0.3161,313.0,70.0,208.0,3344.016,3161.0,10.2585
measles,combined,122,0.3358,361.0,62.0,244.0,3622.32,3358.0,9.963
measles,combined,123,0.3253,329.0,55.0,235.0,3516.552,3253.0,10.1205
measles,combined,124,0.3154,321.0,83.0,291.0,3344.4840000000004,3154.0,10.269
measles,combined,125,0.3178,280.0,72.0,364.0,3329.9759999999997,3178.0,10.2285
measles,combined,126,0.3274,355.0,62.0,243.0,3492.06,3274.0,10.089
measles,combined,127,0.3627,371.0,53.0,344.0,3946.02,3627.0,9.5595
measles,combined,128,0.3232,364.0,63.0,222.0,3408.7560000000003,3232.0,10.152
measles,combined,129,0.3153,310.0,73.0,364.0,3297.528,3153.0,10.269
measles,combined,130,0.3132,334.0,76.0,209.0,3305.0159999999996,3132.0,10.302
measles,combined,131,0.3066,325.0,65.0,217.0,3309.228,3066.0,10.401
measles,combined,132,0.3354,347.0,61.0,259.0,3616.236,3354.0,9.969
measles,combined,133,0.3321,381.0,63.0,273.0,3555.24,3321.0,10.0185
measles,combined,134,0.3349,353.0,62.0,261.0,3577.236,3349.0,9.9765
measles,combined,135,0.3136,318.0,76.0,237.0,3320.772,3136.0,10.296
measles,combined,136,0.3415,340.0,69.0,283.0,3643.224,3415.0,9.8775
measles,combined,137,0.3115,299.0,79.0,329.0,3305.0159999999996,3115.0,10.3275
measles,combined,138,0.3257,355.0,65.0,364.0,3444.948,3257.0,10.113
measles,combined,139,0.3365,327.0,67.0,364.0,3571.9319999999993,3365.0,9.942
measles,combined,140,0.3062,323.0,64.0,317.0,3268.6679999999997,3062.0,10.407
measles,combined,141,0.3274,341.0,60.0,313.0,3502.824,3274.0,10.089
measles,combined,142,0.3176,308.0,74.0,321.0,3393.78,3176.0,10.236
measles,combined,143,0.3162,330.0,71.0,314.0,3337.932,3162.0,10.257
measles,combined,144,0.3215,341.0,71.0,265.0,3455.7120000000004,3215.0,10.1775
measles,combined,145,0.3373,338.0,68.0,318.0,3600.6360000000004,3373.0,9.9405
measles,combined,146,0.3206,357.0,66.0,241.0,3418.8959999999997,3206.0,10.191
measles,combined,147,0.342,336.0,69.0,265.0,3639.48,3420.0,9.87
measles,combined,148,0.3265,299.0,67.0,287.0,3435.276,3265.0,10.1025
measles,combined,149,0.3306,371.0,70.0,269.0,3520.452,3306.0,10.041
measles,combined,150,0.3372,335.0,65.0,328.0,3569.904,3372.0,9.942
measles,combined,151,0.3184,328.0,71.0,364.0,3440.736,3184.0,10.2165
measles,combined,152,0.3106,313.0,66.0,261.0,3386.292,3106.0,10.341
measles,combined,153,0.3375,378.0,65.0,281.0,3633.3959999999997,3375.0,9.9375
measles,combined,154,0.336,312.0,71.0,303.0,3562.416,3360.0,9.96
measles,combined,155,0.3186,347.0,60.0,347.0,3382.392,3186.0,10.221
measles,combined,156,0.3414,353.0,54.0,299.0,3663.1919999999996,3414.0,9.879
measles,combined,157,0.3179,287.0,73.0,253.0,3337.776,3179.0,10.2315
measles,combined,158,0.3125,296.0,70.0,355.0,3282.8639999999996,3125.0,10.3125
measles,combined,159,0.324,301.0,75.0,364.0,3455.2439999999997,3240.0,10.1355
measles,combined,160,0.3221,355.0,55.0,293.0,3517.9559999999997,3221.0,10.1685
measles,combined,161,0.3422,368.0,59.0,272.0,3614.988,3422.0,9.867
measles,combined,162,0.3021,313.0,62.0,237.0,3297.84,3021.0,10.4685
measles,combined,163,0.3177,344.0,61.0,257.0,3373.968,3177.0,10.2345
measles,combined,164,0.3315,292.0,62.0,242.0,3509.2200000000003,3315.0,10.0275
measles,combined,165,0.3188,353.0,57.0,229.0,3368.9759999999997,3188.0,10.218
measles,combined,166,0.3137,345.0,64.0,226.0,3375.0599999999995,3137.0,10.2945
measles,combined,167,0.3187,353.0,66.0,216.0,3414.372,3187.0,10.2195
measles,combined,168,0.3335,341.0,53.0,267.0,3531.0600000000004,3335.0,9.9975
measles,combined,169,0.3299,324.0,56.0,299.0,3585.036,3299.0,10.0515
measles,combined,170,0.3307,340.0,59.0,311.0,3558.204,3307.0,10.0395
measles,combined,171,0.3164,370.0,78.0,280.0,3329.1960000000004,3164.0,10.254
measles,combined,172,0.3294,309.0,75.0,255.0,3496.584,3294.0,10.059
measles,combined,173,0.2891,308.0,57.0,241.0,3134.8199999999997,2891.0,10.6635
measles,combined,174,0.3174,307.0,68.0,296.0,3354.9359999999997,3174.0,10.239
measles,combined,175,0.3304,369.0,64.0,222.0,3600.3239999999996,3304.0,10.044
measles,combined,176,0.3157,318.0,71.0,262.0,3385.9799999999996,3157.0,10.2645
measles,combined,177,0.3129,316.0,60.0,283.0,3349.9439999999995,3129.0,10.3065
measles,combined,178,0.316,337.0,73.0,287.0,3377.868,3160.0,10.26
measles,combined,179,0.3271,324.0,73.0,321.0,3458.9880000000003,3271.0,10.0935
measles,combined,180,0.3147,338.0,62.0,323.0,3402.204,3147.0,10.2795
measles,combined,181,0.3361,370.0,62.0,263.0,3640.416,3361.0,9.9585
measles,combined,182,0.3281,373.0,59.0,219.0,3490.4999999999995,3281.0,10.0785
measles,combined,183,0.3403,335.0,71.0,306.0,3536.832,3403.0,9.8955
measles,combined,184,0.333,334.0,71.0,256.0,3599.8559999999993,3330.0,10.005
measles,combined,185,0.3295,364.0,70.0,200.0,3539.952,3295.0,10.0575
measles,combined,186,0.304,320.0,65.0,266.0,3253.692,3040.0,10.44
measles,combined,187,0.352,381.0,58.0,249.0,3802.1879999999996,3520.0,9.72
measles,combined,188,0.3223,346.0,68.0,280.0,3442.92,3223.0,10.1655
measles,combined,189,0.3112,348.0,69.0,233.0,3309.696,3112.0,10.332
measles,combined,190,0.309,283.0,81.0,294.0,3288.0119999999997,3090.0,10.365
measles,combined,191,0.3352,359.0,59.0,301.0,3587.22,3352.0,9.972
measles,combined,192,0.3387,372.0,66.0,259.0,3633.24,3387.0,9.9195
measles,combined,193,0.333,330.0,70.0,273.0,3542.2919999999995,3330.0,10.005
measles,combined,194,0.3221,353.0,66.0,268.0,3440.268,3221.0,10.1685
measles,combined,195,0.3362,294.0,71.0,364.0,3555.7079999999996,3362.0,9.9435
measles,combined,196,0.311,334.0,55.0,300.0,3337.152,3110.0,10.335
measles,combined,197,0.3101,354.0,59.0,268.0,3346.512,3101.0,10.3485
measles,combined,198,0.3406,347.0,68.0,284.0,3600.3239999999996,3406.0,9.891
measles,combined,199,0.3181,311.0,65.0,309.0,3394.8720000000003,3181.0,10.2285
